거래금액,거래유형,건축년도,년,도로명,도로명건물본번호코드,도로명건물부번호코드,도로명시군구코드,도로명일련번호코드,도로명지상지하코드,도로명코드,법정동,법정동본번코드,법정동부번코드,법정동시군구코드,법정동읍면동코드,법정동지번코드,아파트,월,일,일련번호,전용면적,중개사소재지,지번,지역코드,층,해제사유발생일,해제여부
"14,000",,2012,2015,용마산로1길,00007,00000,11215,01,0,4112381,중곡동,0699,0000,11215,10100,1,욱현하이브Ⅲ,1,7,11215-3170,16.81,,699,11215,8,,
"34,800",,2002,2015,자양로53길,00036,00000,11215,01,0,4112467,중곡동,0109,0009,11215,10100,1,삼성로얄,1,14,11215-123,84.53,,109-9,11215,4,,
"30,000",,2003,2015,긴고랑로14길,00063,00000,11215,01,0,4112083,중곡동,0647,0001,11215,10100,1,삼보글로벌101동,1,20,11215-119,58.46,,647-1,11215,6,,
"60,000",,1997,2015,광나루로56길,00029,00000,11215,01,0,4112040,구의동,0631,0001,11215,10300,1,현대프라임,1,3,11215-33,84.99,,631-1,11215,4,,
"56,000",,1996,2015,광나루로56길,00032,00000,11215,01,0,4112040,구의동,0611,0000,11215,10300,1,구의현대2단지,1,5,11215-25,84.91,,611,11215,4,,
"34,500",,2003,2015,광나루로54길,00013,00000,11215,01,0,4112039,구의동,0198,0004,11215,10300,1,광남캐스빌(198-4),1,5,11215-38,83.99,,198-4,11215,5,,
"55,000",,1997,2015,광나루로56길,00029,00000,11215,01,0,4112040,구의동,0631,0001,11215,10300,1,현대프라임,1,5,11215-33,84.99,,631-1,11215,18,,
"47,000",,1997,2015,광나루로56길,00029,00000,11215,01,0,4112040,구의동,0631,0001,11215,10300,1,현대프라임,1,5,11215-33,59.82,,631-1,11215,21,,
"43,500",,1997,2015,광나루로56길,00029,00000,11215,01,0,4112040,구의동,0631,0001,11215,10300,1,현대프라임,1,5,11215-33,59.82,,631-1,11215,16,,
"55,000",,1996,2015,광나루로56길,00032,00000,11215,01,0,4112040,구의동,0611,0000,11215,10300,1,구의현대2단지,1,5,11215-25,84.75,,611,11215,6,,
"34,500",,2002,2015,동일로76가길,00017,00000,11215,01,0,4112232,중곡동,0683,0000,11215,10100,1,중곡동광덕,2,7,11215-95,84.05,,683,11215,9,,
"29,000",,1999,2015,용마산로,00174,00000,11215,01,0,3005028,중곡동,0292,0000,11215,10100,1,에스케이,2,9,11215-87,58.43,,292,11215,17,,
"29,700",,2002,2015,긴고랑로4길,00053,00000,11215,01,0,4112116,중곡동,0254,0012,11215,10100,1,호동,2,11,11215-96,69.36,,254-12,11215,4,,
"29,800",,1999,2015,용마산로,00174,00000,11215,01,0,3005028,중곡동,0292,0000,11215,10100,1,에스케이,2,12,11215-87,58.43,,292,11215,10,,
"29,300",,1999,2015,용마산로,00174,00000,11215,01,0,3005028,중곡동,0292,0000,11215,10100,1,에스케이,2,14,11215-87,58.43,,292,11215,10,,
"32,900",,2002,2015,자양로53길,00036,00000,11215,01,0,4112467,중곡동,0109,0009,11215,10100,1,삼성로얄,2,14,11215-123,78.66,,109-9,11215,6,,
"31,000",,2002,2015,동일로76가길,00017,00000,11215,01,0,4112232,중곡동,0683,0000,11215,10100,1,중곡동광덕,2,14,11215-95,78,,683,11215,2,,
"21,000",,1976,2015,동일로72길,00017,00000,11215,01,0,4112230,중곡동,0191,0077,11215,10100,1,중곡1단지,2,16,11215-88,57.88,,191-77,11215,2,,
"41,850",,1999,2015,용마산로,00174,00000,11215,01,0,3005028,중곡동,0292,0000,11215,10100,1,에스케이,2,21,11215-87,84.6,,292,11215,5,,
"30,700",,1998,2015,동일로,00459,00000,11215,01,0,3000001,중곡동,0681,0000,11215,10100,1,성원,2,28,11215-85,84.98,,681,11215,12,,
"39,300",,2002,2015,용마산로1길,00084,00000,11215,01,0,4112381,중곡동,0133,0009,11215,10100,1,대영2동,3,5,11215-94,84.91,,133-9,11215,1,,
"12,000",,2012,2015,용마산로1길,00007,00000,11215,01,0,4112381,중곡동,0699,0000,11215,10100,1,욱현하이브Ⅲ,3,9,11215-3170,14.5,,699,11215,8,,
"34,300",,2007,2015,능동로48길,00049,00000,11215,01,0,4112164,중곡동,0035,0010,11215,10100,1,웰빙,3,18,11215-2487,83.43,,35-10,11215,3,,
"25,700",,1998,2015,동일로,00459,00000,11215,01,0,3000001,중곡동,0681,0000,11215,10100,1,성원,3,21,11215-85,59.82,,681,11215,14,,
"50,000",,1999,2015,용마산로,00174,00000,11215,01,0,3005028,중곡동,0292,0000,11215,10100,1,에스케이,3,21,11215-87,113.24,,292,11215,2,,
"34,000",,2002,2015,동일로76가길,00017,00000,11215,01,0,4112232,중곡동,0683,0000,11215,10100,1,중곡동광덕,3,23,11215-95,84.05,,683,11215,6,,
"35,000",,2003,2015,영화사로7길,00004,00000,11215,01,0,4112372,중곡동,0107,0004,11215,10100,1,삼보드림,3,23,11215-116,82.44,,107-4,11215,6,,
"19,500",,2003,2015,능동로,00437,00000,11215,01,0,3104007,중곡동,0168,0001,11215,10100,1,에이탑,3,25,11215-147,52.49,,168-1,11215,6,,
"29,400",,1999,2015,용마산로,00174,00000,11215,01,0,3005028,중곡동,0292,0000,11215,10100,1,에스케이,3,28,11215-87,58.43,,292,11215,13,,
"25,200",,1998,2015,동일로,00459,00000,11215,01,0,3000001,중곡동,0681,0000,11215,10100,1,성원,3,30,11215-85,59.82,,681,11215,22,,
"33,500",,2007,2015,능동로48길,00049,00000,11215,01,0,4112164,중곡동,0035,0010,11215,10100,1,웰빙,4,1,11215-2487,83.43,,35-10,11215,4,,
"30,700",,1998,2015,동일로,00459,00000,11215,01,0,3000001,중곡동,0681,0000,11215,10100,1,성원,4,3,11215-85,84.98,,681,11215,15,,
"32,000",,1998,2015,동일로,00459,00000,11215,01,0,3000001,중곡동,0681,0000,11215,10100,1,성원,4,4,11215-85,84.98,,681,11215,13,,
"22,500",,1976,2015,긴고랑로1길,00055,00000,11215,01,0,4112088,중곡동,0190,0026,11215,10100,1,중곡2단지,4,6,11215-100,55.87,,190-26,11215,1,,
"22,400",,2002,2015,긴고랑로,00149,00000,11215,01,0,3104006,중곡동,0068,0006,11215,10100,1,대영(68-6),4,21,11215-89,56.28,,68-6,11215,4,,
"45,000",,1996,2015,면목로,00127,00000,11215,01,0,3005027,중곡동,0231,0001,11215,10100,1,신성그랜드타워,4,23,11215-86,156.03,,231-1,11215,3,,
"28,900",,1999,2015,용마산로,00174,00000,11215,01,0,3005028,중곡동,0292,0000,11215,10100,1,에스케이,4,23,11215-87,58.43,,292,11215,5,,
"17,800",,1976,2015,동일로72길,00017,00000,11215,01,0,4112230,중곡동,0191,0077,11215,10100,1,중곡1단지,4,25,11215-88,48.46,,191-77,11215,5,,
"33,500",,2001,2015,천호대로118길,00010,00000,11215,01,0,4112507,능동,0246,0011,11215,10200,1,(246-11),4,17,11215-185,80.47,,246-11,11215,2,,
"48,800",,2000,2015,자양로26길,00071,00000,11215,01,0,4112430,구의동,0656,0000,11215,10300,1,새한,4,2,11215-30,84.91,,656,11215,9,,
"27,800",,1999,2015,용마산로,00174,00000,11215,01,0,3005028,중곡동,0292,0000,11215,10100,1,에스케이,5,4,11215-87,58.43,,292,11215,1,,
"40,600",,2009,2015,용마산로1길,00048,00000,11215,01,0,4112381,중곡동,0130,0005,11215,10100,1,주성AURA,5,6,11215-2782,68.99,,130-5,11215,6,,
"43,000",,1999,2015,용마산로,00174,00000,11215,01,0,3005028,중곡동,0292,0000,11215,10100,1,에스케이,5,8,11215-87,84.6,,292,11215,13,,
"24,000",,1976,2015,긴고랑로1길,00055,00000,11215,01,0,4112088,중곡동,0190,0026,11215,10100,1,중곡2단지,5,12,11215-100,55.87,,190-26,11215,3,,
"35,000",,2004,2015,천호대로117길,00025,00000,11215,01,0,4112506,중곡동,0130,0001,11215,10100,1,그린트리,5,12,11215-122,84.87,,130-1,11215,3,,
"20,000",,1976,2015,긴고랑로1길,00055,00000,11215,01,0,4112088,중곡동,0190,0026,11215,10100,1,중곡2단지,5,12,11215-100,55.87,,190-26,11215,5,,
"13,000",,2012,2015,용마산로1길,00007,00000,11215,01,0,4112381,중곡동,0699,0000,11215,10100,1,욱현하이브Ⅲ,5,20,11215-3170,15.69,,699,11215,6,,
"25,500",,1998,2015,동일로,00459,00000,11215,01,0,3000001,중곡동,0681,0000,11215,10100,1,성원,5,23,11215-85,59.82,,681,11215,16,,
"26,400",,1998,2015,동일로,00459,00000,11215,01,0,3000001,중곡동,0681,0000,11215,10100,1,성원,5,30,11215-85,59.82,,681,11215,20,,
"48,800",,1997,2015,광나루로56길,00029,00000,11215,01,0,4112040,구의동,0631,0001,11215,10300,1,현대프라임,5,1,11215-33,59.82,,631-1,11215,23,,
"36,000",,2002,2015,동일로76가길,00017,00000,11215,01,0,4112232,중곡동,0683,0000,11215,10100,1,중곡동광덕,6,4,11215-95,84.76,,683,11215,9,,
"13,700",,2012,2015,용마산로1길,00007,00000,11215,01,0,4112381,중곡동,0699,0000,11215,10100,1,욱현하이브Ⅲ,6,4,11215-3170,18.12,,699,11215,6,,
"29,900",,1999,2015,용마산로,00174,00000,11215,01,0,3005028,중곡동,0292,0000,11215,10100,1,에스케이,6,5,11215-87,58.43,,292,11215,9,,
"28,900",,1999,2015,용마산로,00174,00000,11215,01,0,3005028,중곡동,0292,0000,11215,10100,1,에스케이,6,17,11215-87,58.43,,292,11215,4,,
"26,000",,2003,2015,능동로,00437,00000,11215,01,0,3104007,중곡동,0168,0001,11215,10100,1,에이탑,6,18,11215-147,66.42,,168-1,11215,1,,
"29,900",,1999,2015,용마산로,00174,00000,11215,01,0,3005028,중곡동,0292,0000,11215,10100,1,에스케이,6,22,11215-87,58.43,,292,11215,19,,
"49,000",,1996,2015,면목로,00127,00000,11215,01,0,3005027,중곡동,0231,0001,11215,10100,1,신성그랜드타워,6,23,11215-86,156.03,,231-1,11215,4,,
"13,000",,2012,2015,용마산로1길,00007,00000,11215,01,0,4112381,중곡동,0699,0000,11215,10100,1,욱현하이브Ⅲ,6,23,11215-3170,15.01,,699,11215,7,,
"38,600",,2002,2015,영화사로,00058,00000,11215,01,0,3104008,중곡동,0109,0002,11215,10100,1,삼성로얄3,6,24,11215-91,83.07,,109-2,11215,4,,
"21,600",,1976,2015,동일로72길,00017,00000,11215,01,0,4112230,중곡동,0191,0077,11215,10100,1,중곡1단지,6,27,11215-88,57.88,,191-77,11215,3,,
"35,600",,2002,2015,자양로53길,00040,00000,11215,01,0,4112467,중곡동,0109,0013,11215,10100,1,삼성로얄2,7,1,11215-93,83.01,,109-13,11215,4,,
"25,900",,1998,2015,동일로,00459,00000,11215,01,0,3000001,중곡동,0681,0000,11215,10100,1,성원,7,5,11215-85,59.82,,681,11215,14,,
"15,000",,2012,2015,용마산로1길,00007,00000,11215,01,0,4112381,중곡동,0699,0000,11215,10100,1,욱현하이브Ⅲ,7,6,11215-3170,18.12,,699,11215,6,,
"34,800",,2002,2015,동일로76가길,00017,00000,11215,01,0,4112232,중곡동,0683,0000,11215,10100,1,중곡동광덕,7,11,11215-95,84.79,,683,11215,2,,
"38,400",,2002,2015,동일로76가길,00017,00000,11215,01,0,4112232,중곡동,0683,0000,11215,10100,1,중곡동광덕,7,21,11215-95,84.79,,683,11215,4,,
"36,000",,2002,2015,동일로76가길,00017,00000,11215,01,0,4112232,중곡동,0683,0000,11215,10100,1,중곡동광덕,7,25,11215-95,84.76,,683,11215,12,,
"30,000",,1995,2015,긴고랑로15길,00032,00000,11215,01,0,4112084,중곡동,0609,0000,11215,10100,1,삼민,7,30,11215-84,73.56,,609,11215,3,,
"60,000",,1996,2015,광나루로56길,00032,00000,11215,01,0,4112040,구의동,0611,0000,11215,10300,1,구의현대2단지,7,2,11215-25,84.91,,611,11215,8,,
"55,800",,1994,2015,구의강변로,00094,00000,11215,00,,3104003,구의동,0610,0000,11215,10300,1,구의현대6단지,7,3,11215-26,84.92,,610,11215,2,,
"50,200",,1994,2015,구의강변로,00094,00000,11215,00,,3104003,구의동,0610,0000,11215,10300,1,구의현대6단지,7,3,11215-26,84.92,,610,11215,1,,
"25,000",,1998,2015,동일로,00459,00000,11215,01,0,3000001,중곡동,0681,0000,11215,10100,1,성원,8,3,11215-85,59.82,,681,11215,3,,
"36,000",,2002,2015,동일로76가길,00017,00000,11215,01,0,4112232,중곡동,0683,0000,11215,10100,1,중곡동광덕,8,10,11215-95,84.05,,683,11215,12,,
"36,500",,2004,2015,용마산로5길,00066,00000,11215,01,0,4112404,중곡동,0135,0013,11215,10100,1,두리,8,15,11215-126,82.3,,135-13,11215,1,,
"15,000",,2012,2015,용마산로1길,00007,00000,11215,01,0,4112381,중곡동,0699,0000,11215,10100,1,욱현하이브Ⅲ,8,17,11215-3170,17.71,,699,11215,3,,
"42,300",,1999,2015,용마산로,00174,00000,11215,01,0,3005028,중곡동,0292,0000,11215,10100,1,에스케이,8,22,11215-87,84.6,,292,11215,3,,
"25,000",,1976,2015,긴고랑로1길,00055,00000,11215,01,0,4112088,중곡동,0190,0026,11215,10100,1,중곡2단지,8,25,11215-100,55.87,,190-26,11215,3,,
"31,500",,1998,2015,동일로,00459,00000,11215,01,0,3000001,중곡동,0681,0000,11215,10100,1,성원,8,26,11215-85,84.98,,681,11215,6,,
"41,300",,1999,2015,용마산로,00174,00000,11215,01,0,3005028,중곡동,0292,0000,11215,10100,1,에스케이,8,27,11215-87,84.6,,292,11215,6,,
"26,100",,1998,2015,동일로,00459,00000,11215,01,0,3000001,중곡동,0681,0000,11215,10100,1,성원,8,29,11215-85,59.82,,681,11215,8,,
"74,000",,2001,2015,구의강변로,00106,00000,11215,01,0,3104003,구의동,0199,0018,11215,10300,1,삼성쉐르빌,8,1,11215-29,156.73,,199-18,11215,12,,
"37,500",,2004,2015,자양로53길,00033,00000,11215,01,0,4112467,중곡동,0110,0033,11215,10100,1,예다움,9,1,11215-124,84.71,,110-33,11215,6,,
"31,500",,1999,2015,용마산로,00174,00000,11215,01,0,3005028,중곡동,0292,0000,11215,10100,1,에스케이,9,2,11215-87,58.43,,292,11215,5,,
"39,000",,2004,2015,용마산로5길,00066,00000,11215,01,0,4112404,중곡동,0135,0013,11215,10100,1,두리,9,2,11215-126,82.3,,135-13,11215,5,,
"19,000",,1976,2015,동일로72길,00017,00000,11215,01,0,4112230,중곡동,0191,0077,11215,10100,1,중곡1단지,9,3,11215-88,48.46,,191-77,11215,4,,
"22,800",,1976,2015,동일로72길,00017,00000,11215,01,0,4112230,중곡동,0191,0077,11215,10100,1,중곡1단지,9,10,11215-88,57.88,,191-77,11215,1,,
"26,900",,1998,2015,동일로,00459,00000,11215,01,0,3000001,중곡동,0681,0000,11215,10100,1,성원,9,12,11215-85,59.82,,681,11215,23,,
"24,700",,1976,2015,긴고랑로1길,00055,00000,11215,01,0,4112088,중곡동,0190,0026,11215,10100,1,중곡2단지,9,12,11215-100,55.87,,190-26,11215,3,,
"26,500",,2002,2015,자양로53길,00040,00000,11215,01,0,4112467,중곡동,0109,0013,11215,10100,1,삼성로얄2,9,18,11215-93,53.91,,109-13,11215,6,,
"59,800",,1996,2015,광나루로56길,00032,00000,11215,01,0,4112040,구의동,0611,0000,11215,10300,1,구의현대2단지,9,2,11215-25,84.86,,611,11215,13,,
"59,400",,2002,2015,구의강변로,00084,00000,11215,01,0,3104003,구의동,0658,0000,11215,10300,1,세양,9,2,11215-31,84.32,,658,11215,11,,
"27,800",,1999,2015,용마산로,00174,00000,11215,01,0,3005028,중곡동,0292,0000,11215,10100,1,에스케이,10,7,11215-87,58.43,,292,11215,1,,
"34,300",,2007,2015,능동로48길,00049,00000,11215,01,0,4112164,중곡동,0035,0010,11215,10100,1,웰빙,10,16,11215-2487,83.43,,35-10,11215,2,,
"18,800",,1976,2015,동일로72길,00017,00000,11215,01,0,4112230,중곡동,0191,0077,11215,10100,1,중곡1단지,10,20,11215-88,48.46,,191-77,11215,3,,
"26,100",,1998,2015,동일로,00459,00000,11215,01,0,3000001,중곡동,0681,0000,11215,10100,1,성원,10,27,11215-85,59.82,,681,11215,10,,
"50,000",,1997,2015,구의강변로3가길,00039,00000,11215,01,0,4112050,구의동,0587,0054,11215,10300,1,구의현대7단지현대홈타운,10,1,11215-27,84.99,,587-54,11215,2,,
"45,000",,1997,2015,광나루로56길,00029,00000,11215,01,0,4112040,구의동,0631,0001,11215,10300,1,현대프라임,10,2,11215-33,59.82,,631-1,11215,9,,
"60,000",,1996,2015,광나루로56길,00032,00000,11215,01,0,4112040,구의동,0611,0000,11215,10300,1,구의현대2단지,10,3,11215-25,84.91,,611,11215,21,,
"42,500",,1997,2015,광나루로56길,00029,00000,11215,01,0,4112040,구의동,0631,0001,11215,10300,1,현대프라임,10,3,11215-33,59.82,,631-1,11215,2,,
"50,000",,1992,2015,구의강변로,00042,00000,11215,01,0,3104003,구의동,0546,0007,11215,10300,1,구의강변우성아파트,10,5,11215-24,84.76,,546-7,11215,7,,
"64,000",,1997,2015,광나루로56길,00029,00000,11215,01,0,4112040,구의동,0631,0001,11215,10300,1,현대프라임,10,5,11215-33,84.99,,631-1,11215,27,,
"24,800",,1976,2015,긴고랑로1길,00055,00000,11215,01,0,4112088,중곡동,0190,0026,11215,10100,1,중곡2단지,11,5,11215-100,55.87,,190-26,11215,1,,
"46,000",,1996,2015,면목로,00127,00000,11215,01,0,3005027,중곡동,0231,0001,11215,10100,1,신성그랜드타워,11,7,11215-86,156.03,,231-1,11215,7,,
"15,000",,2012,2015,용마산로1길,00007,00000,11215,01,0,4112381,중곡동,0699,0000,11215,10100,1,욱현하이브Ⅲ,11,30,11215-3170,17.71,,699,11215,4,,
"13,500",,2012,2015,용마산로1길,00007,00000,11215,01,0,4112381,중곡동,0699,0000,11215,10100,1,욱현하이브Ⅲ,11,30,11215-3170,15.69,,699,11215,5,,
"13,500",,2012,2015,용마산로1길,00007,00000,11215,01,0,4112381,중곡동,0699,0000,11215,10100,1,욱현하이브Ⅲ,11,30,11215-3170,15.69,,699,11215,5,,
"58,000",,1996,2015,광나루로56길,00032,00000,11215,01,0,4112040,구의동,0611,0000,11215,10300,1,구의현대2단지,11,1,11215-25,84.86,,611,11215,6,,
"64,800",,1997,2015,광나루로56길,00029,00000,11215,01,0,4112040,구의동,0631,0001,11215,10300,1,현대프라임,11,2,11215-33,84.99,,631-1,11215,8,,
"36,300",,2009,2015,영화사로16길,00043,00000,11215,01,0,4112364,구의동,0662,0000,11215,10300,1,아차산한라아파트,11,2,11215-2781,60.39,,662,11215,6,,
"105,000",,2004,2015,구의강변로,00064,00000,11215,01,0,3104003,구의동,0589,0010,11215,10300,1,아크로리버,11,2,11215-106,164.7228,,589-10,11215,20,,
"60,000",,1996,2015,광나루로56길,00032,00000,11215,01,0,4112040,구의동,0611,0000,11215,10300,1,구의현대2단지,11,4,11215-25,84.91,,611,11215,22,,
"32,500",,1999,2015,용마산로,00174,00000,11215,01,0,3005028,중곡동,0292,0000,11215,10100,1,에스케이,12,1,11215-87,66.96,,292,11215,17,,
"43,300",,2002,2015,용마산로1길,00084,00000,11215,01,0,4112381,중곡동,0133,0009,11215,10100,1,대영2동,12,5,11215-94,84.91,,133-9,11215,2,,
"43,300",,2002,2015,용마산로1길,00084,00000,11215,01,0,4112381,중곡동,0133,0009,11215,10100,1,대영2동,12,5,11215-94,84.91,,133-9,11215,3,,
"34,800",,2002,2015,용마산로2길,00045,00000,11215,01,0,4112395,중곡동,0090,0018,11215,10100,1,욱현,12,17,11215-90,76.26,,90-18,11215,4,,
"34,000",,2002,2015,자양로53길,00040,00000,11215,01,0,4112467,중곡동,0109,0013,11215,10100,1,삼성로얄2,12,18,11215-93,76.38,,109-13,11215,3,,
"25,450",,1998,2015,동일로,00459,00000,11215,01,0,3000001,중곡동,0681,0000,11215,10100,1,성원,12,29,11215-85,59.82,,681,11215,21,,
"13,900",,2012,2015,용마산로1길,00007,00000,11215,01,0,4112381,중곡동,0699,0000,11215,10100,1,욱현하이브Ⅲ,12,29,11215-3170,15.69,,699,11215,4,,
"99,000",,1997,2015,광나루로56길,00029,00000,11215,01,0,4112040,구의동,0631,0001,11215,10300,1,현대프라임,12,1,11215-33,126.66,,631-1,11215,8,,
"60,000",,1996,2015,광나루로56길,00032,00000,11215,01,0,4112040,구의동,0611,0000,11215,10300,1,구의현대2단지,12,3,11215-25,84.91,,611,11215,12,,
"58,000",,1996,2015,광나루로56길,00032,00000,11215,01,0,4112040,구의동,0611,0000,11215,10300,1,구의현대2단지,12,4,11215-25,84.75,,611,11215,21,,
"18,000",,1976,2016,동일로72길,00017,00000,11215,01,0,4112230,중곡동,0191,0077,11215,10100,1,중곡1단지,1,6,11215-88,48.46,,191-77,11215,5,,
"31,900",,1999,2016,용마산로,00174,00000,11215,01,0,3005028,중곡동,0292,0000,11215,10100,1,에스케이,1,23,11215-87,58.43,,292,11215,14,,
"40,000",,2015,2016,천호대로,00671,00000,11215,03,0,2000008,구의동,0665,0000,11215,10300,1,파크타운,1,4,11215-3742,59.6,,665,11215,3,,
"29,500",,2003,2016,광나루로46길,00052,00000,11215,01,0,4112035,구의동,0208,0052,11215,10300,1,우신,1,6,11215-114,74.19,,208-52,11215,1,,
"41,930",,2015,2016,천호대로,00671,00000,11215,03,0,2000008,구의동,0665,0000,11215,10300,1,파크타운,1,6,11215-3742,59.26,,665,11215,8,,
"60,000",,1996,2016,광나루로56길,00032,00000,11215,01,0,4112040,구의동,0611,0000,11215,10300,1,구의현대2단지,1,7,11215-25,84.91,,611,11215,4,,
"77,000",,2004,2016,구의강변로,00064,00000,11215,01,0,3104003,구의동,0589,0010,11215,10300,1,아크로리버,1,7,11215-106,132.0263,,589-10,11215,9,,
"42,300",,1997,2016,광나루로56길,00029,00000,11215,01,0,4112040,구의동,0631,0001,11215,10300,1,현대프라임,1,7,11215-33,59.82,,631-1,11215,1,,
"41,930",,2015,2016,천호대로,00671,00000,11215,03,0,2000008,구의동,0665,0000,11215,10300,1,파크타운,1,11,11215-3742,59.26,,665,11215,7,,
"56,200",,1996,2016,광나루로56길,00032,00000,11215,01,0,4112040,구의동,0611,0000,11215,10300,1,구의현대2단지,1,12,11215-25,84.88,,611,11215,27,,
"24,300",,1995,2016,긴고랑로15길,00032,00000,11215,01,0,4112084,중곡동,0609,0000,11215,10100,1,삼민,2,5,11215-84,59.94,,609,11215,1,,
"23,000",,1976,2016,긴고랑로1길,00055,00000,11215,01,0,4112088,중곡동,0190,0026,11215,10100,1,중곡2단지,2,11,11215-100,55.87,,190-26,11215,5,,
"30,000",,2002,2016,자양로53길,00040,00000,11215,01,0,4112467,중곡동,0109,0013,11215,10100,1,삼성로얄2,2,17,11215-93,76.38,,109-13,11215,2,,
"25,200",,1998,2016,동일로,00459,00000,11215,01,0,3000001,중곡동,0681,0000,11215,10100,1,성원,2,20,11215-85,59.82,,681,11215,4,,
"13,900",,2012,2016,용마산로1길,00007,00000,11215,01,0,4112381,중곡동,0699,0000,11215,10100,1,욱현하이브Ⅲ,2,20,11215-3170,15.69,,699,11215,4,,
"38,450",,2004,2016,용마산로5길,00066,00000,11215,01,0,4112404,중곡동,0135,0013,11215,10100,1,두리,2,20,11215-126,82.3,,135-13,11215,2,,
"33,500",,2002,2016,용마산로2길,00045,00000,11215,01,0,4112395,중곡동,0090,0018,11215,10100,1,욱현,2,22,11215-90,75.08,,90-18,11215,3,,
"59,800",,1996,2016,광나루로56길,00032,00000,11215,01,0,4112040,구의동,0611,0000,11215,10300,1,구의현대2단지,2,3,11215-25,84.91,,611,11215,20,,
"41,930",,2015,2016,천호대로,00671,00000,11215,03,0,2000008,구의동,0665,0000,11215,10300,1,파크타운,2,3,11215-3742,59.26,,665,11215,6,,
"55,800",,2002,2016,구의강변로,00084,00000,11215,01,0,3104003,구의동,0658,0000,11215,10300,1,세양,2,3,11215-31,84.32,,658,11215,3,,
"25,950",,1998,2016,동일로,00459,00000,11215,01,0,3000001,중곡동,0681,0000,11215,10100,1,성원,3,5,11215-85,59.82,,681,11215,19,,
"20,000",,1976,2016,동일로72길,00017,00000,11215,01,0,4112230,중곡동,0191,0077,11215,10100,1,중곡1단지,3,14,11215-88,48.5,,191-77,11215,2,,
"23,000",,1976,2016,긴고랑로1길,00055,00000,11215,01,0,4112088,중곡동,0190,0026,11215,10100,1,중곡2단지,3,15,11215-100,55.87,,190-26,11215,5,,
"23,000",,1976,2016,긴고랑로1길,00055,00000,11215,01,0,4112088,중곡동,0190,0026,11215,10100,1,중곡2단지,3,15,11215-100,55.87,,190-26,11215,5,,
"23,800",,1976,2016,긴고랑로1길,00055,00000,11215,01,0,4112088,중곡동,0190,0026,11215,10100,1,중곡2단지,3,24,11215-100,55.87,,190-26,11215,3,,
"52,500",,2005,2016,아차산로,00451,00000,11215,01,0,3000002,구의동,0659,0000,11215,10300,1,세림리오빌,3,1,11215-2388,84.98,,659,11215,4,,
"44,000",,1992,2016,구의강변로,00042,00000,11215,01,0,3104003,구의동,0546,0007,11215,10300,1,구의강변우성아파트,3,2,11215-24,84.76,,546-7,11215,2,,
"5,000",,2015,2016,뚝섬로66길,00007,00000,11215,01,0,4112292,구의동,0596,0001,11215,10300,1,강변힐하우스,3,2,11215-3566,13.27,,596-1,11215,2,,
"12,000",,2015,2016,뚝섬로66길,00007,00000,11215,01,0,4112292,구의동,0596,0001,11215,10300,1,강변힐하우스,3,2,11215-3566,12.83,,596-1,11215,2,,
"54,900",,1996,2016,광나루로56길,00032,00000,11215,01,0,4112040,구의동,0611,0000,11215,10300,1,구의현대2단지,3,2,11215-25,84.75,,611,11215,16,,
"44,500",,2002,2016,용마산로1길,00084,00000,11215,01,0,4112381,중곡동,0133,0009,11215,10100,1,대영2동,4,7,11215-94,84.91,,133-9,11215,6,,
"12,440",,2012,2016,용마산로1길,00007,00000,11215,01,0,4112381,중곡동,0699,0000,11215,10100,1,욱현하이브Ⅲ,4,13,11215-3170,14.5,,699,11215,8,,
"31,200",,1999,2016,용마산로,00174,00000,11215,01,0,3005028,중곡동,0292,0000,11215,10100,1,에스케이,4,16,11215-87,58.43,,292,11215,17,,
"23,000",,1976,2016,긴고랑로1길,00055,00000,11215,01,0,4112088,중곡동,0190,0026,11215,10100,1,중곡2단지,4,25,11215-100,55.87,,190-26,11215,4,,
"24,750",,1976,2016,긴고랑로1길,00055,00000,11215,01,0,4112088,중곡동,0190,0026,11215,10100,1,중곡2단지,4,27,11215-100,55.87,,190-26,11215,4,,
"43,000",,1999,2016,용마산로,00174,00000,11215,01,0,3005028,중곡동,0292,0000,11215,10100,1,에스케이,4,28,11215-87,84.6,,292,11215,5,,
"71,000",,2009,2016,강변역로4길,00056,00000,11215,01,0,4112003,구의동,0547,0007,11215,10300,1,광진해모로리버뷰,4,1,11215-2776,134.23,,547-7,11215,5,,
"53,500",,1997,2016,구의강변로3가길,00039,00000,11215,01,0,4112050,구의동,0587,0054,11215,10300,1,구의현대7단지현대홈타운,4,2,11215-27,84.99,,587-54,11215,6,,
"47,500",,1997,2016,광나루로56길,00029,00000,11215,01,0,4112040,구의동,0631,0001,11215,10300,1,현대프라임,4,2,11215-33,59.82,,631-1,11215,7,,
"49,800",,2001,2016,구의강변로,00106,00000,11215,01,0,3104003,구의동,0199,0018,11215,10300,1,삼성쉐르빌,4,2,11215-29,84.94,,199-18,11215,4,,
"16,500",,2012,2016,용마산로1길,00007,00000,11215,01,0,4112381,중곡동,0699,0000,11215,10100,1,욱현하이브Ⅲ,5,9,11215-3170,18.12,,699,11215,7,,
"18,000",,1976,2016,동일로72길,00017,00000,11215,01,0,4112230,중곡동,0191,0077,11215,10100,1,중곡1단지,5,17,11215-88,48.46,,191-77,11215,4,,
"31,000",,1995,2016,긴고랑로15길,00032,00000,11215,01,0,4112084,중곡동,0609,0000,11215,10100,1,삼민,5,25,11215-84,79.14,,609,11215,1,,
"22,400",,1976,2016,동일로72길,00017,00000,11215,01,0,4112230,중곡동,0191,0077,11215,10100,1,중곡1단지,5,30,11215-88,57.88,,191-77,11215,4,,
"60,000",,1996,2016,광나루로56길,00032,00000,11215,01,0,4112040,구의동,0611,0000,11215,10300,1,구의현대2단지,5,2,11215-25,84.91,,611,11215,11,,
"41,000",,2015,2016,천호대로,00671,00000,11215,03,0,2000008,구의동,0665,0000,11215,10300,1,파크타운,5,2,11215-3742,59.6,,665,11215,7,,
"54,200",,1996,2016,광나루로56길,00032,00000,11215,01,0,4112040,구의동,0611,0000,11215,10300,1,구의현대2단지,5,2,11215-25,84.91,,611,11215,3,,
"60,000",,1996,2016,광나루로56길,00032,00000,11215,01,0,4112040,구의동,0611,0000,11215,10300,1,구의현대2단지,5,3,11215-25,84.88,,611,11215,13,,
"60,000",,1996,2016,광나루로56길,00032,00000,11215,01,0,4112040,구의동,0611,0000,11215,10300,1,구의현대2단지,5,3,11215-25,84.91,,611,11215,7,,
"58,000",,1996,2016,광나루로56길,00032,00000,11215,01,0,4112040,구의동,0611,0000,11215,10300,1,구의현대2단지,5,3,11215-25,84.91,,611,11215,15,,
"23,400",,1976,2016,동일로72길,00017,00000,11215,01,0,4112230,중곡동,0191,0077,11215,10100,1,중곡1단지,6,11,11215-88,57.88,,191-77,11215,2,,
"26,000",,2002,2016,긴고랑로,00149,00000,11215,01,0,3104006,중곡동,0068,0006,11215,10100,1,대영(68-6),6,21,11215-89,57.94,,68-6,11215,2,,
"32,900",,1998,2016,동일로,00459,00000,11215,01,0,3000001,중곡동,0681,0000,11215,10100,1,성원,6,22,11215-85,84.98,,681,11215,8,,
"11,000",,2012,2016,용마산로1길,00007,00000,11215,01,0,4112381,중곡동,0699,0000,11215,10100,1,욱현하이브Ⅲ,6,23,11215-3170,17.71,,699,11215,5,,
"23,000",,1976,2016,긴고랑로1길,00055,00000,11215,01,0,4112088,중곡동,0190,0026,11215,10100,1,중곡2단지,6,28,11215-100,55.87,,190-26,11215,1,,
"71,000",,2001,2016,구의강변로,00106,00000,11215,01,0,3104003,구의동,0199,0018,11215,10300,1,삼성쉐르빌,6,1,11215-29,132.77,,199-18,11215,15,,
"49,000",,2000,2016,자양로26길,00071,00000,11215,01,0,4112430,구의동,0656,0000,11215,10300,1,새한,6,1,11215-30,84.91,,656,11215,1,,
"46,000",,1997,2016,광나루로56길,00029,00000,11215,01,0,4112040,구의동,0631,0001,11215,10300,1,현대프라임,6,2,11215-33,59.82,,631-1,11215,2,,
"57,100",,1996,2016,광나루로56길,00032,00000,11215,01,0,4112040,구의동,0611,0000,11215,10300,1,구의현대2단지,6,3,11215-25,84.88,,611,11215,13,,
"59,500",,1994,2016,구의강변로,00094,00000,11215,00,,3104003,구의동,0610,0000,11215,10300,1,구의현대6단지,6,3,11215-26,84.92,,610,11215,18,,
"19,000",,1976,2016,동일로72길,00017,00000,11215,01,0,4112230,중곡동,0191,0077,11215,10100,1,중곡1단지,7,19,11215-88,48.5,,191-77,11215,5,,
"23,500",,1976,2016,동일로72길,00017,00000,11215,01,0,4112230,중곡동,0191,0077,11215,10100,1,중곡1단지,7,21,11215-88,57.88,,191-77,11215,3,,
"36,100",,2002,2016,영화사로,00058,00000,11215,01,0,3104008,중곡동,0109,0002,11215,10100,1,삼성로얄3,7,21,11215-91,77.22,,109-2,11215,7,,
"32,600",,1999,2016,용마산로,00174,00000,11215,01,0,3005028,중곡동,0292,0000,11215,10100,1,에스케이,7,25,11215-87,58.43,,292,11215,17,,
"37,500",,2002,2016,동일로76가길,00017,00000,11215,01,0,4112232,중곡동,0683,0000,11215,10100,1,중곡동광덕,7,27,11215-95,84.76,,683,11215,11,,
"59,700",,1996,2016,광나루로56길,00032,00000,11215,01,0,4112040,구의동,0611,0000,11215,10300,1,구의현대2단지,7,1,11215-25,84.91,,611,11215,9,,
"50,000",,1997,2016,광나루로56길,00029,00000,11215,01,0,4112040,구의동,0631,0001,11215,10300,1,현대프라임,7,2,11215-33,59.82,,631-1,11215,7,,
"48,900",,1997,2016,광나루로56길,00029,00000,11215,01,0,4112040,구의동,0631,0001,11215,10300,1,현대프라임,7,2,11215-33,59.82,,631-1,11215,22,,
"53,500",,1992,2016,구의강변로,00042,00000,11215,01,0,3104003,구의동,0546,0007,11215,10300,1,구의강변우성아파트,7,5,11215-24,84.76,,546-7,11215,8,,
"57,800",,1996,2016,광나루로56길,00032,00000,11215,01,0,4112040,구의동,0611,0000,11215,10300,1,구의현대2단지,7,5,11215-25,84.86,,611,11215,27,,
"22,500",,1976,2016,긴고랑로1길,00055,00000,11215,01,0,4112088,중곡동,0190,0026,11215,10100,1,중곡2단지,8,2,11215-100,55.9,,190-26,11215,4,,
"34,900",,1998,2016,동일로,00459,00000,11215,01,0,3000001,중곡동,0681,0000,11215,10100,1,성원,8,6,11215-85,84.98,,681,11215,17,,
"23,350",,1976,2016,동일로72길,00017,00000,11215,01,0,4112230,중곡동,0191,0077,11215,10100,1,중곡1단지,8,8,11215-88,57.88,,191-77,11215,1,,
"14,000",,2012,2016,용마산로1길,00007,00000,11215,01,0,4112381,중곡동,0699,0000,11215,10100,1,욱현하이브Ⅲ,8,9,11215-3170,15.01,,699,11215,7,,
"35,000",,1998,2016,동일로,00459,00000,11215,01,0,3000001,중곡동,0681,0000,11215,10100,1,성원,8,15,11215-85,99.56,,681,11215,2,,
"23,300",,1976,2016,동일로72길,00017,00000,11215,01,0,4112230,중곡동,0191,0077,11215,10100,1,중곡1단지,8,16,11215-88,57.88,,191-77,11215,2,,
"22,500",,1976,2016,긴고랑로1길,00055,00000,11215,01,0,4112088,중곡동,0190,0026,11215,10100,1,중곡2단지,8,18,11215-100,55.9,,190-26,11215,4,,
"41,000",,2004,2016,천호대로117길,00025,00000,11215,01,0,4112506,중곡동,0130,0001,11215,10100,1,그린트리,8,20,11215-122,84.3,,130-1,11215,6,,
"34,000",,2002,2016,영화사로,00058,00000,11215,01,0,3104008,중곡동,0109,0002,11215,10100,1,삼성로얄3,8,22,11215-91,77.22,,109-2,11215,2,,
"37,800",,2002,2016,동일로76가길,00017,00000,11215,01,0,4112232,중곡동,0683,0000,11215,10100,1,중곡동광덕,8,26,11215-95,84.76,,683,11215,2,,
"19,500",,1976,2016,동일로72길,00017,00000,11215,01,0,4112230,중곡동,0191,0077,11215,10100,1,중곡1단지,9,3,11215-88,48.5,,191-77,11215,3,,
"32,500",,1999,2016,용마산로,00174,00000,11215,01,0,3005028,중곡동,0292,0000,11215,10100,1,에스케이,9,10,11215-87,58.43,,292,11215,6,,
"19,200",,1976,2016,동일로72길,00017,00000,11215,01,0,4112230,중곡동,0191,0077,11215,10100,1,중곡1단지,9,10,11215-88,48.46,,191-77,11215,3,,
"18,000",,1976,2016,동일로72길,00017,00000,11215,01,0,4112230,중곡동,0191,0077,11215,10100,1,중곡1단지,9,12,11215-88,48.5,,191-77,11215,5,,
"15,000",,2012,2016,용마산로1길,00007,00000,11215,01,0,4112381,중곡동,0699,0000,11215,10100,1,욱현하이브Ⅲ,9,12,11215-3170,17.71,,699,11215,4,,
"36,000",,2002,2016,동일로76가길,00017,00000,11215,01,0,4112232,중곡동,0683,0000,11215,10100,1,중곡동광덕,9,17,11215-95,84.05,,683,11215,2,,
"24,500",,1976,2016,긴고랑로1길,00055,00000,11215,01,0,4112088,중곡동,0190,0026,11215,10100,1,중곡2단지,9,17,11215-100,55.87,,190-26,11215,1,,
"23,000",,1976,2016,동일로72길,00017,00000,11215,01,0,4112230,중곡동,0191,0077,11215,10100,1,중곡1단지,9,20,11215-88,57.85,,191-77,11215,2,,
"12,990",,2012,2016,용마산로1길,00007,00000,11215,01,0,4112381,중곡동,0699,0000,11215,10100,1,욱현하이브Ⅲ,9,23,11215-3170,15.69,,699,11215,3,,
"12,990",,2012,2016,용마산로1길,00007,00000,11215,01,0,4112381,중곡동,0699,0000,11215,10100,1,욱현하이브Ⅲ,9,23,11215-3170,15.69,,699,11215,3,,
"40,000",,2003,2016,긴고랑로14길,00063,00000,11215,01,0,4112083,중곡동,0647,0001,11215,10100,1,삼보글로벌101동,10,1,11215-119,70.88,,647-1,11215,5,,
"21,200",,1976,2016,동일로72길,00017,00000,11215,01,0,4112230,중곡동,0191,0077,11215,10100,1,중곡1단지,10,3,11215-88,57.88,,191-77,11215,5,,
"39,000",,2009,2016,용마산로1길,00048,00000,11215,01,0,4112381,중곡동,0130,0005,11215,10100,1,주성AURA,10,8,11215-2782,67.76,,130-5,11215,5,,
"15,000",,2012,2016,용마산로1길,00007,00000,11215,01,0,4112381,중곡동,0699,0000,11215,10100,1,욱현하이브Ⅲ,10,10,11215-3170,17.71,,699,11215,3,,
"36,500",,2005,2016,동일로,00354,00000,11215,01,0,3000001,중곡동,0252,0008,11215,10100,1,진흥아르미,10,11,11215-2435,84.96,,252-8,11215,2,,
"19,500",,1976,2016,동일로72길,00017,00000,11215,01,0,4112230,중곡동,0191,0077,11215,10100,1,중곡1단지,10,16,11215-88,48.46,,191-77,11215,5,,
"25,000",,1976,2016,긴고랑로1길,00055,00000,11215,01,0,4112088,중곡동,0190,0026,11215,10100,1,중곡2단지,10,16,11215-100,55.87,,190-26,11215,5,,
"18,000",,1976,2016,동일로72길,00017,00000,11215,01,0,4112230,중곡동,0191,0077,11215,10100,1,중곡1단지,10,17,11215-88,48.46,,191-77,11215,3,,
"19,300",,1976,2016,동일로72길,00017,00000,11215,01,0,4112230,중곡동,0191,0077,11215,10100,1,중곡1단지,10,19,11215-88,48.5,,191-77,11215,1,,
"24,750",,1976,2016,긴고랑로1길,00055,00000,11215,01,0,4112088,중곡동,0190,0026,11215,10100,1,중곡2단지,10,19,11215-100,55.87,,190-26,11215,1,,
"18,000",,1976,2016,동일로72길,00017,00000,11215,01,0,4112230,중곡동,0191,0077,11215,10100,1,중곡1단지,11,4,11215-88,48.46,,191-77,11215,3,,
"18,500",,1976,2016,동일로72길,00017,00000,11215,01,0,4112230,중곡동,0191,0077,11215,10100,1,중곡1단지,11,30,11215-88,58.08,,191-77,11215,1,,
"65,000",,2009,2016,강변역로4길,00056,00000,11215,01,0,4112003,구의동,0547,0007,11215,10300,1,광진해모로리버뷰,11,4,11215-2776,93.39,,547-7,11215,10,,
"54,000",,1997,2016,광나루로56길,00029,00000,11215,01,0,4112040,구의동,0631,0001,11215,10300,1,현대프라임,11,7,11215-33,59.82,,631-1,11215,23,,
"64,000",,1996,2016,광나루로56길,00032,00000,11215,01,0,4112040,구의동,0611,0000,11215,10300,1,구의현대2단지,11,8,11215-25,84.86,,611,11215,14,,
"73,500",,1997,2016,광나루로56길,00029,00000,11215,01,0,4112040,구의동,0631,0001,11215,10300,1,현대프라임,11,9,11215-33,84.99,,631-1,11215,24,,
"58,000",,1992,2016,구의강변로,00042,00000,11215,01,0,3104003,구의동,0546,0007,11215,10300,1,구의강변우성아파트,11,12,11215-24,84.76,,546-7,11215,17,,
"73,300",,2001,2016,구의강변로,00106,00000,11215,01,0,3104003,구의동,0199,0018,11215,10300,1,삼성쉐르빌,11,18,11215-29,144.51,,199-18,11215,15,,
"49,250",,2005,2016,구의로16길,00058,00000,11215,01,0,4112058,구의동,0205,0006,11215,10300,1,그레이스홈타운(101동),11,18,11215-2399,101.02,,205-6,11215,3,,
"60,000",,1996,2016,광나루로56길,00032,00000,11215,01,0,4112040,구의동,0611,0000,11215,10300,1,구의현대2단지,11,19,11215-25,84.88,,611,11215,27,,
"21,800",,1976,2016,동일로72길,00017,00000,11215,01,0,4112230,중곡동,0191,0077,11215,10100,1,중곡1단지,12,10,11215-88,57.88,,191-77,11215,5,,
"32,000",,1998,2016,동일로,00459,00000,11215,01,0,3000001,중곡동,0681,0000,11215,10100,1,성원,12,12,11215-85,84.98,,681,11215,24,,
"34,300",,1999,2016,용마산로,00174,00000,11215,01,0,3005028,중곡동,0292,0000,11215,10100,1,에스케이,12,12,11215-87,58.43,,292,11215,11,,
"20,000",,1976,2016,동일로72길,00017,00000,11215,01,0,4112230,중곡동,0191,0077,11215,10100,1,중곡1단지,12,17,11215-88,48.46,,191-77,11215,3,,
"35,000",,2003,2016,긴고랑로14길,00063,00000,11215,01,0,4112083,중곡동,0647,0001,11215,10100,1,삼보글로벌101동,12,26,11215-119,58.46,,647-1,11215,6,,
"14,900",,2012,2016,용마산로1길,00007,00000,11215,01,0,4112381,중곡동,0699,0000,11215,10100,1,욱현하이브Ⅲ,12,28,11215-3170,17.71,,699,11215,4,,
"98,000",,2004,2016,구의강변로,00064,00000,11215,01,0,3104003,구의동,0589,0010,11215,10300,1,아크로리버,12,1,11215-106,164.7228,,589-10,11215,9,,
"65,000",,1996,2016,광나루로56길,00032,00000,11215,01,0,4112040,구의동,0611,0000,11215,10300,1,구의현대2단지,12,2,11215-25,84.91,,611,11215,22,,
"67,000",,2001,2016,구의강변로,00106,00000,11215,01,0,3104003,구의동,0199,0018,11215,10300,1,삼성쉐르빌,12,3,11215-29,132.08,,199-18,11215,16,,
"57,000",,1994,2016,구의강변로,00094,00000,11215,00,,3104003,구의동,0610,0000,11215,10300,1,구의현대6단지,12,5,11215-26,84.92,,610,11215,5,,
"25,000",,1976,2017,긴고랑로1길,00055,00000,11215,01,0,4112088,중곡동,0190,0026,11215,10100,1,중곡2단지,1,3,11215-100,55.87,,190-26,11215,1,,
"45,500",,1999,2017,용마산로,00174,00000,11215,01,0,3005028,중곡동,0292,0000,11215,10100,1,에스케이,1,7,11215-87,84.6,,292,11215,17,,
"19,000",,1976,2017,동일로72길,00017,00000,11215,01,0,4112230,중곡동,0191,0077,11215,10100,1,중곡1단지,1,10,11215-88,48.46,,191-77,11215,5,,
"29,600",,1998,2017,동일로,00459,00000,11215,01,0,3000001,중곡동,0681,0000,11215,10100,1,성원,1,11,11215-85,59.82,,681,11215,14,,
"29,600",,1998,2017,동일로,00459,00000,11215,01,0,3000001,중곡동,0681,0000,11215,10100,1,성원,1,11,11215-85,59.82,,681,11215,14,,
"46,000",,1996,2017,면목로,00127,00000,11215,01,0,3005027,중곡동,0231,0001,11215,10100,1,신성그랜드타워,1,18,11215-86,154.08,,231-1,11215,7,,
"43,300",,1999,2017,용마산로,00174,00000,11215,01,0,3005028,중곡동,0292,0000,11215,10100,1,에스케이,1,23,11215-87,84.6,,292,11215,15,,
"30,000",,2003,2017,광나루로46길,00052,00000,11215,01,0,4112035,구의동,0208,0052,11215,10300,1,우신,1,6,11215-114,76.5,,208-52,11215,1,,
"46,800",,1997,2017,구의강변로3가길,00039,00000,11215,01,0,4112050,구의동,0587,0054,11215,10300,1,구의현대7단지현대홈타운,1,11,11215-27,59.97,,587-54,11215,15,,
"117,000",,1997,2017,광나루로56길,00029,00000,11215,01,0,4112040,구의동,0631,0001,11215,10300,1,현대프라임,1,12,11215-33,183.87,,631-1,11215,11,,
"18,800",,1976,2017,동일로72길,00017,00000,11215,01,0,4112230,중곡동,0191,0077,11215,10100,1,중곡1단지,2,4,11215-88,48.46,,191-77,11215,1,,
"34,800",,1999,2017,용마산로,00174,00000,11215,01,0,3005028,중곡동,0292,0000,11215,10100,1,에스케이,2,8,11215-87,58.43,,292,11215,3,,
"22,900",,2002,2017,긴고랑로,00149,00000,11215,01,0,3104006,중곡동,0068,0006,11215,10100,1,대영(68-6),2,16,11215-89,57.94,,68-6,11215,5,,
"33,900",,1999,2017,용마산로,00174,00000,11215,01,0,3005028,중곡동,0292,0000,11215,10100,1,에스케이,2,17,11215-87,58.43,,292,11215,13,,
"33,000",,1998,2017,동일로,00459,00000,11215,01,0,3000001,중곡동,0681,0000,11215,10100,1,성원,2,20,11215-85,84.98,,681,11215,3,,
"15,400",,2012,2017,용마산로1길,00007,00000,11215,01,0,4112381,중곡동,0699,0000,11215,10100,1,욱현하이브Ⅲ,2,23,11215-3170,17.71,,699,11215,2,,
"29,600",,1998,2017,동일로,00459,00000,11215,01,0,3000001,중곡동,0681,0000,11215,10100,1,성원,2,24,11215-85,59.82,,681,11215,22,,
"24,700",,1976,2017,긴고랑로1길,00055,00000,11215,01,0,4112088,중곡동,0190,0026,11215,10100,1,중곡2단지,2,24,11215-100,55.87,,190-26,11215,2,,
"43,800",,2002,2017,용마산로1길,00084,00000,11215,01,0,4112381,중곡동,0133,0009,11215,10100,1,대영2동,2,25,11215-94,84.33,,133-9,11215,3,,
"43,800",,2002,2017,용마산로1길,00084,00000,11215,01,0,4112381,중곡동,0133,0009,11215,10100,1,대영2동,2,25,11215-94,84.33,,133-9,11215,3,,
"22,500",,1976,2017,긴고랑로1길,00055,00000,11215,01,0,4112088,중곡동,0190,0026,11215,10100,1,중곡2단지,3,3,11215-100,55.87,,190-26,11215,2,,
"31,500",,1995,2017,긴고랑로15길,00032,00000,11215,01,0,4112084,중곡동,0609,0000,11215,10100,1,삼민,3,6,11215-84,59.4,,609,11215,6,,
"37,300",,1999,2017,용마산로,00174,00000,11215,01,0,3005028,중곡동,0292,0000,11215,10100,1,에스케이,3,8,11215-87,66.96,,292,11215,13,,
"41,800",,2003,2017,긴고랑로14길,00069,00000,11215,01,0,4112083,중곡동,0647,0002,11215,10100,1,삼보글로벌102동,3,15,11215-2567,84.84,,647-2,11215,3,,
"34,600",,1999,2017,용마산로,00174,00000,11215,01,0,3005028,중곡동,0292,0000,11215,10100,1,에스케이,3,17,11215-87,58.43,,292,11215,14,,
"44,800",,1999,2017,용마산로,00174,00000,11215,01,0,3005028,중곡동,0292,0000,11215,10100,1,에스케이,3,17,11215-87,84.6,,292,11215,5,,
"50,000",,1999,2017,용마산로,00174,00000,11215,01,0,3005028,중곡동,0292,0000,11215,10100,1,에스케이,3,27,11215-87,113.24,,292,11215,1,,
"73,300",,2001,2017,구의강변로,00106,00000,11215,01,0,3104003,구의동,0199,0018,11215,10300,1,삼성쉐르빌,3,3,11215-29,144.51,,199-18,11215,19,,
"84,900",,2004,2017,구의강변로,00064,00000,11215,01,0,3104003,구의동,0589,0010,11215,10300,1,아크로리버,3,3,11215-106,150.6416,,589-10,11215,16,,
"58,000",,1996,2017,광나루로56길,00032,00000,11215,01,0,4112040,구의동,0611,0000,11215,10300,1,구의현대2단지,3,4,11215-25,84.88,,611,11215,3,,
"27,800",,1998,2017,동일로,00459,00000,11215,01,0,3000001,중곡동,0681,0000,11215,10100,1,성원,4,1,11215-85,59.82,,681,11215,9,,
"28,500",,2002,2017,긴고랑로4길,00053,00000,11215,01,0,4112116,중곡동,0254,0012,11215,10100,1,호동,4,4,11215-96,69.36,,254-12,11215,2,,
"40,000",,2004,2017,용마산로5길,00066,00000,11215,01,0,4112404,중곡동,0135,0013,11215,10100,1,두리,4,5,11215-126,82.3,,135-13,11215,4,,
"25,000",,1976,2017,긴고랑로1길,00055,00000,11215,01,0,4112088,중곡동,0190,0026,11215,10100,1,중곡2단지,4,7,11215-100,55.87,,190-26,11215,4,,
"14,000",,2012,2017,용마산로1길,00007,00000,11215,01,0,4112381,중곡동,0699,0000,11215,10100,1,욱현하이브Ⅲ,4,10,11215-3170,15.69,,699,11215,3,,
"40,000",,1999,2017,용마산로,00174,00000,11215,01,0,3005028,중곡동,0292,0000,11215,10100,1,에스케이,4,14,11215-87,84.6,,292,11215,1,,
"57,000",,1994,2017,구의강변로,00094,00000,11215,00,,3104003,구의동,0610,0000,11215,10300,1,구의현대6단지,4,1,11215-26,84.92,,610,11215,5,,
"53,400",,1997,2017,구의강변로3가길,00039,00000,11215,01,0,4112050,구의동,0587,0054,11215,10300,1,구의현대7단지현대홈타운,4,1,11215-27,84.99,,587-54,11215,8,,
"59,800",,1996,2017,광나루로56길,00032,00000,11215,01,0,4112040,구의동,0611,0000,11215,10300,1,구의현대2단지,4,3,11215-25,84.88,,611,11215,27,,
"59,850",,1996,2017,광나루로56길,00032,00000,11215,01,0,4112040,구의동,0611,0000,11215,10300,1,구의현대2단지,4,4,11215-25,84.75,,611,11215,14,,
"40,700",,2009,2017,용마산로1길,00048,00000,11215,01,0,4112381,중곡동,0130,0005,11215,10100,1,주성AURA,5,12,11215-2782,67.76,,130-5,11215,4,,
"46,500",,1999,2017,용마산로,00174,00000,11215,01,0,3005028,중곡동,0292,0000,11215,10100,1,에스케이,5,15,11215-87,84.6,,292,11215,8,,
"35,600",,1999,2017,용마산로,00174,00000,11215,01,0,3005028,중곡동,0292,0000,11215,10100,1,에스케이,5,16,11215-87,58.43,,292,11215,4,,
"40,100",,2005,2017,동일로,00354,00000,11215,01,0,3000001,중곡동,0252,0008,11215,10100,1,진흥아르미,5,16,11215-2435,84.96,,252-8,11215,5,,
"54,300",,1999,2017,용마산로,00174,00000,11215,01,0,3005028,중곡동,0292,0000,11215,10100,1,에스케이,5,17,11215-87,113.24,,292,11215,19,,
"45,000",,1999,2017,용마산로,00174,00000,11215,01,0,3005028,중곡동,0292,0000,11215,10100,1,에스케이,5,17,11215-87,84.6,,292,11215,10,,
"34,800",,1998,2017,동일로,00459,00000,11215,01,0,3000001,중곡동,0681,0000,11215,10100,1,성원,5,18,11215-85,84.98,,681,11215,14,,
"27,500",,1998,2017,동일로,00459,00000,11215,01,0,3000001,중곡동,0681,0000,11215,10100,1,성원,5,20,11215-85,59.82,,681,11215,8,,
"20,500",,1976,2017,동일로72길,00017,00000,11215,01,0,4112230,중곡동,0191,0077,11215,10100,1,중곡1단지,5,29,11215-88,48.46,,191-77,11215,4,,
"57,000",,1996,2017,광나루로56길,00032,00000,11215,01,0,4112040,구의동,0611,0000,11215,10300,1,구의현대2단지,5,1,11215-25,84.75,,611,11215,1,,
"41,900",,1999,2017,용마산로,00174,00000,11215,01,0,3005028,중곡동,0292,0000,11215,10100,1,에스케이,6,3,11215-87,84.6,,292,11215,1,,
"20,900",,1976,2017,동일로72길,00017,00000,11215,01,0,4112230,중곡동,0191,0077,11215,10100,1,중곡1단지,6,3,11215-88,48.46,,191-77,11215,4,,
"51,000",,1999,2017,용마산로,00174,00000,11215,01,0,3005028,중곡동,0292,0000,11215,10100,1,에스케이,6,3,11215-87,84.6,,292,11215,12,,
"24,700",,1976,2017,긴고랑로1길,00055,00000,11215,01,0,4112088,중곡동,0190,0026,11215,10100,1,중곡2단지,6,6,11215-100,55.87,,190-26,11215,1,,
"25,000",,1976,2017,긴고랑로1길,00055,00000,11215,01,0,4112088,중곡동,0190,0026,11215,10100,1,중곡2단지,6,6,11215-100,55.9,,190-26,11215,4,,
"50,800",,1999,2017,용마산로,00174,00000,11215,01,0,3005028,중곡동,0292,0000,11215,10100,1,에스케이,6,9,11215-87,113.24,,292,11215,20,,
"20,300",,1976,2017,동일로72길,00017,00000,11215,01,0,4112230,중곡동,0191,0077,11215,10100,1,중곡1단지,6,13,11215-88,48.46,,191-77,11215,5,,
"24,750",,1976,2017,긴고랑로1길,00055,00000,11215,01,0,4112088,중곡동,0190,0026,11215,10100,1,중곡2단지,6,20,11215-100,55.9,,190-26,11215,5,,
"39,300",,2003,2017,긴고랑로14길,00069,00000,11215,01,0,4112083,중곡동,0647,0002,11215,10100,1,삼보글로벌102동,6,24,11215-2567,66.09,,647-2,11215,3,,
"25,500",,1976,2017,긴고랑로1길,00055,00000,11215,01,0,4112088,중곡동,0190,0026,11215,10100,1,중곡2단지,6,28,11215-100,55.9,,190-26,11215,4,,
"35,000",,1999,2017,용마산로,00174,00000,11215,01,0,3005028,중곡동,0292,0000,11215,10100,1,에스케이,7,8,11215-87,58.43,,292,11215,8,,
"42,500",,2002,2017,자양로53길,00036,00000,11215,01,0,4112467,중곡동,0109,0009,11215,10100,1,삼성로얄,7,14,11215-123,84.53,,109-9,11215,4,,
"20,500",,1976,2017,동일로72길,00017,00000,11215,01,0,4112230,중곡동,0191,0077,11215,10100,1,중곡1단지,7,15,11215-88,48.46,,191-77,11215,5,,
"24,900",,1976,2017,긴고랑로1길,00055,00000,11215,01,0,4112088,중곡동,0190,0026,11215,10100,1,중곡2단지,7,15,11215-100,55.87,,190-26,11215,5,,
"37,800",,2017,2017,동일로,00380,00000,11215,00,0,3000001,중곡동,0238,0006,11215,10100,1,한영해시안아파트,7,26,11215-4220,57.02,,238-6,11215,10,,
"44,900",,1997,2017,구의강변로3가길,00039,00000,11215,01,0,4112050,구의동,0587,0054,11215,10300,1,구의현대7단지현대홈타운,7,1,11215-27,59.97,,587-54,11215,4,,
"82,000",,2004,2017,구의강변로,00064,00000,11215,01,0,3104003,구의동,0589,0010,11215,10300,1,아크로리버,7,1,11215-106,150.6416,,589-10,11215,13,,
"64,400",,1992,2017,구의강변로,00042,00000,11215,01,0,3104003,구의동,0546,0007,11215,10300,1,구의강변우성아파트,7,3,11215-24,84.76,,546-7,11215,6,,
"42,500",,2003,2017,아차산로,00437,00000,11215,01,0,3000002,구의동,0244,0006,11215,10300,1,퓨전빌,7,3,11215-105,83.69,,244-6,11215,5,,
"82,500",,2004,2017,구의강변로,00064,00000,11215,01,0,3104003,구의동,0589,0010,11215,10300,1,아크로리버,7,6,11215-106,132.0263,,589-10,11215,7,,
"36,000",,1998,2017,동일로,00459,00000,11215,01,0,3000001,중곡동,0681,0000,11215,10100,1,성원,8,12,11215-85,84.98,,681,11215,21,,
"25,000",,1976,2017,긴고랑로1길,00055,00000,11215,01,0,4112088,중곡동,0190,0026,11215,10100,1,중곡2단지,8,18,11215-100,55.87,,190-26,11215,5,,
"26,000",,1976,2017,긴고랑로1길,00055,00000,11215,01,0,4112088,중곡동,0190,0026,11215,10100,1,중곡2단지,8,23,11215-100,55.87,,190-26,11215,3,,
"13,000",,2012,2017,용마산로1길,00007,00000,11215,01,0,4112381,중곡동,0699,0000,11215,10100,1,욱현하이브Ⅲ,8,25,11215-3170,15.69,,699,11215,5,,
"74,500",,1996,2017,광나루로56길,00032,00000,11215,01,0,4112040,구의동,0611,0000,11215,10300,1,구의현대2단지,8,1,11215-25,84.91,,611,11215,11,,
"75,000",,1997,2017,광나루로56길,00029,00000,11215,01,0,4112040,구의동,0631,0001,11215,10300,1,현대프라임,8,1,11215-33,84.99,,631-1,11215,20,,
"60,000",,1997,2017,광나루로56길,00029,00000,11215,01,0,4112040,구의동,0631,0001,11215,10300,1,현대프라임,8,1,11215-33,59.82,,631-1,11215,17,,
"73,000",,2001,2017,구의강변로,00106,00000,11215,01,0,3104003,구의동,0199,0018,11215,10300,1,삼성쉐르빌,8,2,11215-29,132.77,,199-18,11215,6,,
"85,000",,1997,2017,광나루로56길,00029,00000,11215,01,0,4112040,구의동,0631,0001,11215,10300,1,현대프라임,8,2,11215-33,84.99,,631-1,11215,25,,
"58,000",,1997,2017,광나루로56길,00029,00000,11215,01,0,4112040,구의동,0631,0001,11215,10300,1,현대프라임,8,2,11215-33,59.82,,631-1,11215,3,,
"36,500",,2017,2017,동일로,00380,00000,11215,00,0,3000001,중곡동,0238,0006,11215,10100,1,한영해시안아파트,9,1,11215-4220,58.1,,238-6,11215,3,,
"28,000",,2002,2017,자양로53길,00040,00000,11215,01,0,4112467,중곡동,0109,0013,11215,10100,1,삼성로얄2,9,4,11215-93,76.38,,109-13,11215,4,,
"53,000",,1999,2017,용마산로,00174,00000,11215,01,0,3005028,중곡동,0292,0000,11215,10100,1,에스케이,9,8,11215-87,113.24,,292,11215,6,,
"24,000",,1976,2017,동일로72길,00017,00000,11215,01,0,4112230,중곡동,0191,0077,11215,10100,1,중곡1단지,9,13,11215-88,58.78,,191-77,11215,4,,
"40,000",,2002,2017,동일로76가길,00017,00000,11215,01,0,4112232,중곡동,0683,0000,11215,10100,1,중곡동광덕,9,13,11215-95,84.79,,683,11215,6,,
"47,500",,1999,2017,용마산로,00174,00000,11215,01,0,3005028,중곡동,0292,0000,11215,10100,1,에스케이,9,18,11215-87,84.6,,292,11215,7,,
"23,800",,1976,2017,긴고랑로1길,00055,00000,11215,01,0,4112088,중곡동,0190,0026,11215,10100,1,중곡2단지,9,28,11215-100,55.9,,190-26,11215,1,,
"24,900",,1976,2017,긴고랑로1길,00055,00000,11215,01,0,4112088,중곡동,0190,0026,11215,10100,1,중곡2단지,9,29,11215-100,55.87,,190-26,11215,1,,
"88,000",,2004,2017,구의강변로,00064,00000,11215,01,0,3104003,구의동,0589,0010,11215,10300,1,아크로리버,9,1,11215-106,132.0263,,589-10,11215,23,,
"65,000",,2010,2017,천호대로,00716,00000,11215,03,0,2000008,구의동,0663,0000,11215,10300,1,아차산포레안,9,1,11215-2912,84.76,,663,11215,6,,
"26,900",,1976,2017,긴고랑로1길,00055,00000,11215,01,0,4112088,중곡동,0190,0026,11215,10100,1,중곡2단지,10,10,11215-100,55.87,,190-26,11215,4,,
"27,500",,1998,2017,동일로,00459,00000,11215,01,0,3000001,중곡동,0681,0000,11215,10100,1,성원,10,12,11215-85,59.82,,681,11215,5,,
"23,100",,1976,2017,동일로72길,00017,00000,11215,01,0,4112230,중곡동,0191,0077,11215,10100,1,중곡1단지,10,13,11215-88,57.85,,191-77,11215,1,,
"57,000",,1999,2017,용마산로,00174,00000,11215,01,0,3005028,중곡동,0292,0000,11215,10100,1,에스케이,10,14,11215-87,113.24,,292,11215,12,,
"25,000",,1976,2017,긴고랑로1길,00055,00000,11215,01,0,4112088,중곡동,0190,0026,11215,10100,1,중곡2단지,10,20,11215-100,55.87,,190-26,11215,5,,
"29,400",,1998,2017,동일로,00459,00000,11215,01,0,3000001,중곡동,0681,0000,11215,10100,1,성원,10,21,11215-85,59.82,,681,11215,7,,
"20,000",,1976,2017,동일로72길,00017,00000,11215,01,0,4112230,중곡동,0191,0077,11215,10100,1,중곡1단지,10,21,11215-88,48.5,,191-77,11215,3,,
"76,200",,1997,2017,광나루로56길,00029,00000,11215,01,0,4112040,구의동,0631,0001,11215,10300,1,현대프라임,10,2,11215-33,84.99,,631-1,11215,6,,
"70,000",,1997,2017,광나루로56길,00029,00000,11215,01,0,4112040,구의동,0631,0001,11215,10300,1,현대프라임,10,7,11215-33,84.99,,631-1,11215,1,,
"73,700",,1996,2017,광나루로56길,00032,00000,11215,01,0,4112040,구의동,0611,0000,11215,10300,1,구의현대2단지,10,9,11215-25,84.75,,611,11215,21,,
"35,200",,2002,2017,용마산로2길,00045,00000,11215,01,0,4112395,중곡동,0090,0018,11215,10100,1,욱현,11,10,11215-90,70.71,,90-18,11215,4,,
"36,000",,2004,2017,천호대로119길,00016,00000,11215,01,0,4112508,중곡동,0120,0018,11215,10100,1,대광그린,11,12,11215-125,89.4,,120-18,11215,3,,
"33,800",,1998,2017,동일로,00459,00000,11215,01,0,3000001,중곡동,0681,0000,11215,10100,1,성원,11,18,11215-85,84.98,,681,11215,5,,
"24,850",,1976,2017,긴고랑로1길,00055,00000,11215,01,0,4112088,중곡동,0190,0026,11215,10100,1,중곡2단지,11,18,11215-100,55.87,,190-26,11215,5,,
"31,000",,1999,2017,용마산로,00174,00000,11215,01,0,3005028,중곡동,0292,0000,11215,10100,1,에스케이,11,24,11215-87,58.43,,292,11215,19,,
"82,500",,1997,2017,광나루로56길,00029,00000,11215,01,0,4112040,구의동,0631,0001,11215,10300,1,현대프라임,11,1,11215-33,84.99,,631-1,11215,24,,
"70,500",,1994,2017,구의강변로,00094,00000,11215,00,,3104003,구의동,0610,0000,11215,10300,1,구의현대6단지,11,3,11215-26,84.92,,610,11215,16,,
"76,500",,1996,2017,광나루로56길,00032,00000,11215,01,0,4112040,구의동,0611,0000,11215,10300,1,구의현대2단지,11,4,11215-25,84.88,,611,11215,21,,
"72,000",,1996,2017,광나루로56길,00032,00000,11215,01,0,4112040,구의동,0611,0000,11215,10300,1,구의현대2단지,11,4,11215-25,84.75,,611,11215,2,,
"77,000",,1996,2017,광나루로56길,00032,00000,11215,01,0,4112040,구의동,0611,0000,11215,10300,1,구의현대2단지,11,4,11215-25,84.75,,611,11215,5,,
"32,000",,2001,2017,긴고랑로,00125,00000,11215,01,0,3104006,중곡동,0062,0068,11215,10100,1,대영(62-68),12,1,11215-146,84.79,,62-68,11215,2,,
"21,600",,1976,2017,동일로72길,00017,00000,11215,01,0,4112230,중곡동,0191,0077,11215,10100,1,중곡1단지,12,2,11215-88,48.46,,191-77,11215,5,,
"36,000",,2002,2017,동일로76가길,00017,00000,11215,01,0,4112232,중곡동,0683,0000,11215,10100,1,중곡동광덕,12,4,11215-95,78,,683,11215,12,,
"39,500",,2002,2017,동일로76가길,00017,00000,11215,01,0,4112232,중곡동,0683,0000,11215,10100,1,중곡동광덕,12,11,11215-95,84.05,,683,11215,9,,
"26,750",,1976,2017,긴고랑로1길,00055,00000,11215,01,0,4112088,중곡동,0190,0026,11215,10100,1,중곡2단지,12,12,11215-100,55.87,,190-26,11215,2,,
"44,500",,2003,2017,영화사로7길,00004,00000,11215,01,0,4112372,중곡동,0107,0004,11215,10100,1,삼보드림,12,13,11215-116,82.44,,107-4,11215,5,,
"49,500",,1999,2017,용마산로,00174,00000,11215,01,0,3005028,중곡동,0292,0000,11215,10100,1,에스케이,12,15,11215-87,84.6,,292,11215,21,,
"85,000",,1996,2017,광나루로56길,00032,00000,11215,01,0,4112040,구의동,0611,0000,11215,10300,1,구의현대2단지,12,4,11215-25,84.88,,611,11215,25,,
"81,000",,2006,2017,구의강변로,00102,00000,11215,01,0,3104003,구의동,0199,0023,11215,10300,1,현대13차폴라트리움,12,4,11215-2464,127.91,,199-23,11215,8,,
"37,000",,2001,2017,구의로,00052,00000,11215,01,0,3104004,구의동,0224,0007,11215,10300,1,신덕하이빌,12,4,11215-139,78.7,,224-7,11215,3,,
"35,900",,1998,2018,동일로,00459,00000,11215,01,0,3000001,중곡동,0681,0000,11215,10100,1,성원,1,6,11215-85,84.98,,681,11215,14,,
"27,000",,1976,2018,긴고랑로1길,00055,00000,11215,01,0,4112088,중곡동,0190,0026,11215,10100,1,중곡2단지,1,8,11215-100,55.87,,190-26,11215,3,,
"22,500",,1976,2018,동일로72길,00017,00000,11215,01,0,4112230,중곡동,0191,0077,11215,10100,1,중곡1단지,1,20,11215-88,48.46,,191-77,11215,2,,
"34,800",,2001,2018,긴고랑로,00125,00000,11215,01,0,3104006,중곡동,0062,0068,11215,10100,1,대영(62-68),1,24,11215-146,84.79,,62-68,11215,3,,
"45,000",,1996,2018,면목로,00127,00000,11215,01,0,3005027,중곡동,0231,0001,11215,10100,1,신성그랜드타워,1,26,11215-86,133.71,,231-1,11215,8,,
"45,500",,2004,2018,천호대로117길,00025,00000,11215,01,0,4112506,중곡동,0130,0001,11215,10100,1,그린트리,1,26,11215-122,84.3,,130-1,11215,5,,
"40,000",,2009,2018,용마산로1길,00048,00000,11215,01,0,4112381,중곡동,0130,0005,11215,10100,1,주성AURA,1,27,11215-2782,67.76,,130-5,11215,3,,
"48,000",,1999,2018,용마산로,00174,00000,11215,01,0,3005028,중곡동,0292,0000,11215,10100,1,에스케이,1,30,11215-87,84.6,,292,11215,7,,
"75,000",,2002,2018,구의강변로,00084,00000,11215,01,0,3104003,구의동,0658,0000,11215,10300,1,세양,1,2,11215-31,84.32,,658,11215,15,,
"78,000",,1994,2018,구의강변로,00094,00000,11215,00,,3104003,구의동,0610,0000,11215,10300,1,구의현대6단지,1,3,11215-26,84.84,,610,11215,13,,
"22,000",,1976,2018,동일로72길,00017,00000,11215,01,0,4112230,중곡동,0191,0077,11215,10100,1,중곡1단지,2,5,11215-88,48.46,,191-77,11215,1,,
"30,500",,1998,2018,동일로,00459,00000,11215,01,0,3000001,중곡동,0681,0000,11215,10100,1,성원,2,6,11215-85,59.82,,681,11215,11,,
"29,300",,1998,2018,동일로,00459,00000,11215,01,0,3000001,중곡동,0681,0000,11215,10100,1,성원,2,10,11215-85,59.82,,681,11215,14,,
"26,000",,1976,2018,긴고랑로1길,00055,00000,11215,01,0,4112088,중곡동,0190,0026,11215,10100,1,중곡2단지,2,22,11215-100,55.87,,190-26,11215,5,,
"24,000",,1976,2018,동일로72길,00017,00000,11215,01,0,4112230,중곡동,0191,0077,11215,10100,1,중곡1단지,2,23,11215-88,57.88,,191-77,11215,1,,
"26,000",,1976,2018,긴고랑로1길,00055,00000,11215,01,0,4112088,중곡동,0190,0026,11215,10100,1,중곡2단지,2,26,11215-100,55.87,,190-26,11215,5,,
"83,000",,2001,2018,구의강변로,00106,00000,11215,01,0,3104003,구의동,0199,0018,11215,10300,1,삼성쉐르빌,2,1,11215-29,144.51,,199-18,11215,8,,
"125,000",,1997,2018,광나루로56길,00029,00000,11215,01,0,4112040,구의동,0631,0001,11215,10300,1,현대프라임,2,1,11215-33,183.87,,631-1,11215,16,,
"77,500",,1994,2018,구의강변로,00094,00000,11215,00,,3104003,구의동,0610,0000,11215,10300,1,구의현대6단지,2,2,11215-26,84.92,,610,11215,7,,
"75,000",,1997,2018,구의강변로3가길,00039,00000,11215,01,0,4112050,구의동,0587,0054,11215,10300,1,구의현대7단지현대홈타운,2,3,11215-27,84.99,,587-54,11215,4,,
"43,000",,2002,2018,용마산로1길,00084,00000,11215,01,0,4112381,중곡동,0133,0009,11215,10100,1,대영2동,3,12,11215-94,84.33,,133-9,11215,1,,
"26,600",,1976,2018,긴고랑로1길,00055,00000,11215,01,0,4112088,중곡동,0190,0026,11215,10100,1,중곡2단지,3,12,11215-100,55.87,,190-26,11215,4,,
"37,900",,2002,2018,자양로53길,00036,00000,11215,01,0,4112467,중곡동,0109,0009,11215,10100,1,삼성로얄,3,15,11215-123,84.84,,109-9,11215,5,,
"37,700",,1999,2018,용마산로,00174,00000,11215,01,0,3005028,중곡동,0292,0000,11215,10100,1,에스케이,3,22,11215-87,58.43,,292,11215,13,,
"49,000",,1999,2018,용마산로,00174,00000,11215,01,0,3005028,중곡동,0292,0000,11215,10100,1,에스케이,3,22,11215-87,84.6,,292,11215,4,,
"20,900",,1976,2018,동일로72길,00017,00000,11215,01,0,4112230,중곡동,0191,0077,11215,10100,1,중곡1단지,3,26,11215-88,48.46,,191-77,11215,1,,
"29,500",,2002,2018,동일로76가길,00017,00000,11215,01,0,4112232,중곡동,0683,0000,11215,10100,1,중곡동광덕,3,26,11215-95,84.76,,683,11215,8,,
"54,500",,1996,2018,면목로,00127,00000,11215,01,0,3005027,중곡동,0231,0001,11215,10100,1,신성그랜드타워,3,29,11215-86,154.08,,231-1,11215,5,,
"50,000",,2017,2018,동일로64길,00039,00000,11215,00,0,4112225,중곡동,0624,0019,11215,10100,1,테라팰리스중곡1,3,30,,71.803,,624-19,11215,4,,
"90,000",,1996,2018,광나루로56길,00032,00000,11215,01,0,4112040,구의동,0611,0000,11215,10300,1,구의현대2단지,3,1,11215-25,84.91,,611,11215,12,,
"39,500",,2018,2018,동일로,00429,00000,11215,00,0,3000001,중곡동,0186,0009,11215,10100,1,삼성베스트빌(31차),4,1,,45.08,,186-9,11215,5,,
"36,000",,2004,2018,천호대로119길,00016,00000,11215,01,0,4112508,중곡동,0120,0018,11215,10100,1,대광그린,4,6,11215-125,62.6,,120-18,11215,1,,
"49,000",,2017,2018,동일로64길,00039,00000,11215,00,0,4112225,중곡동,0624,0019,11215,10100,1,테라팰리스중곡1,4,10,,71.803,,624-19,11215,5,,
"57,000",,1999,2018,용마산로,00174,00000,11215,01,0,3005028,중곡동,0292,0000,11215,10100,1,에스케이,4,11,11215-87,113.24,,292,11215,10,,
"66,000",,2017,2018,동일로64길,00039,00000,11215,00,0,4112225,중곡동,0624,0019,11215,10100,1,테라팰리스중곡1,4,11,,64.279,,624-19,11215,7,,
"39,500",,2018,2018,동일로,00429,00000,11215,01,0,3000001,중곡동,0186,0009,11215,10100,1,삼성베스트빌(31차),4,23,,45.08,,186-9,11215,6,,
"41,000",,2018,2018,동일로,00429,00000,11215,00,0,3000001,중곡동,0186,0009,11215,10100,1,삼성베스트빌(31차),4,30,,47.24,,186-9,11215,4,,
"60,000",,1992,2018,구의강변로,00042,00000,11215,01,0,3104003,구의동,0546,0007,11215,10300,1,구의강변우성아파트,4,2,11215-24,84.76,,546-7,11215,5,,
"49,000",,2008,2018,광나루로44길,00040,00000,11215,01,0,4112034,구의동,0224,0001,11215,10300,1,하늘애,4,3,11215-2659,84.15,,224-1,11215,6,,
"99,500",,1997,2018,광나루로56길,00029,00000,11215,01,0,4112040,구의동,0631,0001,11215,10300,1,현대프라임,4,4,11215-33,84.99,,631-1,11215,23,,
"52,500",,1999,2018,용마산로,00174,00000,11215,01,0,3005028,중곡동,0292,0000,11215,10100,1,에스케이,5,12,11215-87,84.6,,292,11215,10,,
"27,500",,1976,2018,긴고랑로1길,00055,00000,11215,01,0,4112088,중곡동,0190,0026,11215,10100,1,중곡2단지,5,15,11215-100,55.87,,190-26,11215,5,,
"25,000",,1976,2018,동일로72길,00017,00000,11215,01,0,4112230,중곡동,0191,0077,11215,10100,1,중곡1단지,5,29,11215-88,58.08,,191-77,11215,1,,
"35,000",,2002,2018,천호대로107길,00026,00000,11215,01,0,4112497,중곡동,0646,0010,11215,10100,1,광남캐스빌3차,5,29,11215-97,69.6,,646-10,11215,3,,
"13,200",,2012,2018,용마산로1길,00007,00000,11215,01,0,4112381,중곡동,0699,0000,11215,10100,1,욱현하이브Ⅲ,5,30,11215-3170,18.12,,699,11215,3,,
"25,800",,1976,2018,동일로72길,00017,00000,11215,01,0,4112230,중곡동,0191,0077,11215,10100,1,중곡1단지,5,31,11215-88,57.88,,191-77,11215,3,,
"13,500",,2012,2018,용마산로1길,00007,00000,11215,01,0,4112381,중곡동,0699,0000,11215,10100,1,욱현하이브Ⅲ,5,31,11215-3170,18.12,,699,11215,5,,
"77,000",,2004,2018,강변역로4길,00034,00000,11215,01,0,4112003,구의동,0547,0000,11215,10300,1,강변현대하이엘,5,3,11215-141,117.92,,547,11215,19,,
"50,000",,2004,2018,자양로,00159,00000,11215,02,0,3104010,구의동,0254,0123,11215,10300,1,대영(1동),5,4,11215-129,82.51,,254-123,11215,5,,
"77,000",,2004,2018,강변역로4길,00034,00000,11215,01,0,4112003,구의동,0547,0000,11215,10300,1,강변현대하이엘,5,4,11215-141,154.15,,547,11215,10,,
"21,500",,1976,2018,동일로72길,00017,00000,11215,01,0,4112230,중곡동,0191,0077,11215,10100,1,중곡1단지,6,7,11215-88,48.46,,191-77,11215,5,,
"38,000",,1999,2018,용마산로,00174,00000,11215,01,0,3005028,중곡동,0292,0000,11215,10100,1,에스케이,6,11,11215-87,58.43,,292,11215,20,,
"31,200",,1998,2018,동일로,00459,00000,11215,01,0,3000001,중곡동,0681,0000,11215,10100,1,성원,6,17,11215-85,59.82,,681,11215,15,,
"28,000",,1976,2018,긴고랑로1길,00055,00000,11215,01,0,4112088,중곡동,0190,0026,11215,10100,1,중곡2단지,6,26,11215-100,55.87,,190-26,11215,4,,
"84,500",,2002,2018,구의강변로,00084,00000,11215,01,0,3104003,구의동,0658,0000,11215,10300,1,세양,6,1,11215-31,84.32,,658,11215,8,,
"77,000",,2010,2018,천호대로,00716,00000,11215,03,0,2000008,구의동,0663,0000,11215,10300,1,아차산포레안,6,4,11215-2912,84.76,,663,11215,9,,
"80,000",,2004,2018,강변역로4길,00034,00000,11215,01,0,4112003,구의동,0547,0000,11215,10300,1,강변현대하이엘,6,9,11215-141,133.81,,547,11215,13,,
"64,000",,2010,2018,천호대로,00716,00000,11215,03,0,2000008,구의동,0663,0000,11215,10300,1,아차산포레안,6,11,11215-2912,59.63,,663,11215,6,,
"39,000",,2011,2018,자양로,00304,00000,11215,02,0,3104010,구의동,0031,0009,11215,10300,1,동우아파트,6,11,11215-3019,67.435,,31-9,11215,3,,
"94,000",,1996,2018,광나루로56길,00032,00000,11215,01,0,4112040,구의동,0611,0000,11215,10300,1,구의현대2단지,6,12,11215-25,84.91,,611,11215,23,,
"32,500",,1998,2018,동일로,00459,00000,11215,01,0,3000001,중곡동,0681,0000,11215,10100,1,성원,7,3,11215-85,59.82,,681,11215,20,,
"27,800",,1976,2018,긴고랑로1길,00055,00000,11215,01,0,4112088,중곡동,0190,0026,11215,10100,1,중곡2단지,7,8,11215-100,55.9,,190-26,11215,4,,
"44,000",,2002,2018,동일로76가길,00017,00000,11215,01,0,4112232,중곡동,0683,0000,11215,10100,1,중곡동광덕,7,21,11215-95,84.79,,683,11215,10,,
"46,000",,2001,2018,구의강변로5길,00007,00000,11215,01,0,4112052,구의동,0657,0000,11215,10300,1,성동강변파크빌101(강변타워),7,5,11215-28,77.29,,657,11215,17,,
"45,000",,2001,2018,구의강변로5길,00007,00000,11215,01,0,4112052,구의동,0657,0000,11215,10300,1,성동강변파크빌101(강변타워),7,5,11215-28,59.1,,657,11215,2,,
"90,000",,1996,2018,광나루로56길,00032,00000,11215,01,0,4112040,구의동,0611,0000,11215,10300,1,구의현대2단지,7,6,11215-25,84.91,,611,11215,5,,
"69,500",,1997,2018,광나루로56길,00029,00000,11215,01,0,4112040,구의동,0631,0001,11215,10300,1,현대프라임,7,7,11215-33,59.82,,631-1,11215,25,,
"90,000",,2001,2018,구의강변로,00106,00000,11215,01,0,3104003,구의동,0199,0018,11215,10300,1,삼성쉐르빌,7,11,11215-29,144.51,,199-18,11215,9,,
"89,000",,1996,2018,광나루로56길,00032,00000,11215,01,0,4112040,구의동,0611,0000,11215,10300,1,구의현대2단지,7,13,11215-25,84.91,,611,11215,20,,
"89,900",,1996,2018,광나루로56길,00032,00000,11215,01,0,4112040,구의동,0611,0000,11215,10300,1,구의현대2단지,7,14,11215-25,84.91,,611,11215,23,,
"41,000",,2018,2018,동일로,00429,00000,11215,00,0,3000001,중곡동,0186,0009,11215,10100,1,삼성베스트빌(31차),8,9,,47.24,,186-9,11215,8,,
"26,000",,2002,2018,긴고랑로,00149,00000,11215,01,0,3104006,중곡동,0068,0006,11215,10100,1,대영(68-6),8,11,11215-89,57.94,,68-6,11215,2,,
"33,900",,1995,2018,긴고랑로15길,00032,00000,11215,01,0,4112084,중곡동,0609,0000,11215,10100,1,삼민,8,15,11215-84,73.56,,609,11215,2,,
"61,850",,1999,2018,용마산로,00174,00000,11215,01,0,3005028,중곡동,0292,0000,11215,10100,1,에스케이,8,19,11215-87,113.24,,292,11215,16,,
"43,000",,2002,2018,용마산로1길,00084,00000,11215,01,0,4112381,중곡동,0133,0009,11215,10100,1,대영2동,8,19,11215-94,84.33,,133-9,11215,1,,
"39,000",,1998,2018,동일로,00459,00000,11215,01,0,3000001,중곡동,0681,0000,11215,10100,1,성원,8,23,11215-85,84.98,,681,11215,10,,
"19,000",,1976,2018,동일로72길,00017,00000,11215,01,0,4112230,중곡동,0191,0077,11215,10100,1,중곡1단지,8,29,11215-88,48.46,,191-77,11215,4,,
"39,000",,2007,2018,능동로48길,00049,00000,11215,01,0,4112164,중곡동,0035,0010,11215,10100,1,웰빙,8,29,11215-2487,83.43,,35-10,11215,2,,
"73,000",,1997,2018,광나루로56길,00029,00000,11215,01,0,4112040,구의동,0631,0001,11215,10300,1,현대프라임,8,4,11215-33,59.82,,631-1,11215,15,,
"57,000",,2009,2018,영화사로16길,00043,00000,11215,01,0,4112364,구의동,0662,0000,11215,10300,1,아차산한라아파트,8,4,11215-2781,76.65,,662,11215,3,,
"42,250",,2002,2018,영화사로,00058,00000,11215,01,0,3104008,중곡동,0109,0002,11215,10100,1,삼성로얄3,9,1,11215-91,83.07,,109-2,11215,4,,
"30,000",,1976,2018,긴고랑로1길,00055,00000,11215,01,0,4112088,중곡동,0190,0026,11215,10100,1,중곡2단지,9,7,11215-100,55.87,,190-26,11215,2,,
"33,100",,2002,2018,긴고랑로4길,00053,00000,11215,01,0,4112116,중곡동,0254,0012,11215,10100,1,호동,9,8,11215-96,69.36,,254-12,11215,2,,
"29,650",,1976,2018,동일로72길,00017,00000,11215,01,0,4112230,중곡동,0191,0077,11215,10100,1,중곡1단지,9,22,11215-88,57.88,,191-77,11215,4,,
"72,000",,1997,2018,광나루로56길,00029,00000,11215,01,0,4112040,구의동,0631,0001,11215,10300,1,현대프라임,9,1,11215-33,59.82,,631-1,11215,29,,
"52,000",,2001,2018,구의강변로5길,00007,00000,11215,01,0,4112052,구의동,0657,0000,11215,10300,1,성동강변파크빌101(강변타워),9,2,11215-28,59.92,,657,11215,4,,
"48,500",,2003,2018,자양로48길,00016,00000,11215,01,0,4112458,구의동,0047,0003,11215,10300,1,선화아파트,9,2,11215-113,95.76,,47-3,11215,4,,
"90,000",,1994,2018,구의강변로,00094,00000,11215,00,,3104003,구의동,0610,0000,11215,10300,1,구의현대6단지,9,4,11215-26,84.84,,610,11215,11,,
"145,000",,1997,2018,광나루로56길,00029,00000,11215,01,0,4112040,구의동,0631,0001,11215,10300,1,현대프라임,9,4,11215-33,126.66,,631-1,11215,5,,
"106,000",,1997,2018,광나루로56길,00029,00000,11215,01,0,4112040,구의동,0631,0001,11215,10300,1,현대프라임,9,5,11215-33,84.99,,631-1,11215,26,,
"15,000",,2012,2018,용마산로1길,00007,00000,11215,01,0,4112381,중곡동,0699,0000,11215,10100,1,욱현하이브Ⅲ,10,3,11215-3170,17.71,,699,11215,6,,
"14,500",,2012,2018,용마산로1길,00007,00000,11215,01,0,4112381,중곡동,0699,0000,11215,10100,1,욱현하이브Ⅲ,10,8,11215-3170,17.71,,699,11215,5,,
"37,200",,1998,2018,동일로,00459,00000,11215,01,0,3000001,중곡동,0681,0000,11215,10100,1,성원,10,19,11215-85,84.98,,681,11215,4,,
"50,500",,2002,2018,용마산로1길,00084,00000,11215,01,0,4112381,중곡동,0133,0009,11215,10100,1,대영2동,10,20,11215-94,84.91,,133-9,11215,4,,
"29,000",,1976,2018,동일로72길,00017,00000,11215,01,0,4112230,중곡동,0191,0077,11215,10100,1,중곡1단지,10,23,11215-88,57.88,,191-77,11215,3,,
"29,500",,1976,2018,동일로72길,00017,00000,11215,01,0,4112230,중곡동,0191,0077,11215,10100,1,중곡1단지,10,27,11215-88,57.85,,191-77,11215,2,,
"139,500",,2004,2018,구의강변로,00064,00000,11215,01,0,3104003,구의동,0589,0010,11215,10300,1,아크로리버,10,1,11215-106,164.7228,,589-10,11215,28,,
"108,000",,2004,2018,구의강변로,00064,00000,11215,01,0,3104003,구의동,0589,0010,11215,10300,1,아크로리버,10,3,11215-106,150.6416,,589-10,11215,10,,
"93,300",,1994,2018,구의강변로,00094,00000,11215,00,,3104003,구의동,0610,0000,11215,10300,1,구의현대6단지,10,4,11215-26,84.92,,610,11215,14,,
"74,800",,1997,2018,광나루로56길,00029,00000,11215,01,0,4112040,구의동,0631,0001,11215,10300,1,현대프라임,10,6,11215-33,59.82,,631-1,11215,13,,
"66,000",,1997,2018,광나루로56길,00029,00000,11215,01,0,4112040,구의동,0631,0001,11215,10300,1,현대프라임,11,3,11215-33,59.82,,631-1,11215,2,,
"66,000",,1997,2018,광나루로56길,00029,00000,11215,01,0,4112040,구의동,0631,0001,11215,10300,1,현대프라임,11,5,11215-33,59.82,,631-1,11215,1,,
"74,000",,1997,2018,광나루로56길,00029,00000,11215,01,0,4112040,구의동,0631,0001,11215,10300,1,현대프라임,11,9,11215-33,59.82,,631-1,11215,16,,
"28,700",,2015,2018,자양로,00172,00000,11215,02,,3104010,구의동,0236,0025,11215,10300,1,솔렌시아2,11,9,11215-3793,32.77,,236-25,11215,10,,
"85,000",,2004,2018,강변역로4길,00034,00000,11215,01,0,4112003,구의동,0547,0000,11215,10300,1,강변현대하이엘,11,19,11215-141,154.15,,547,11215,7,,
"51,500",,2015,2018,천호대로,00671,00000,11215,03,0,2000008,구의동,0665,0000,11215,10300,1,파크타운,11,29,11215-3742,59.6,,665,11215,4,,
"70,000",,2009,2018,강변역로4길,00056,00000,11215,01,0,4112003,구의동,0547,0007,11215,10300,1,광진해모로리버뷰,11,30,11215-2776,93.39,,547-7,11215,5,,
"49,500",,2015,2018,천호대로,00671,00000,11215,03,0,2000008,구의동,0665,0000,11215,10300,1,파크타운,11,30,11215-3742,59.6,,665,11215,3,,
"127,500",,1985,2018,아차산로,00552,00000,11215,02,0,3000002,광장동,0218,0001,11215,10400,1,극동1,11,1,11215-3,84.55,,218-1,11215,11,,
"147,500",,1985,2018,아차산로,00552,00000,11215,02,0,3000002,광장동,0218,0001,11215,10400,1,극동1,11,1,11215-3,126.94,,218-1,11215,8,,
"33,000",,2001,2018,긴고랑로,00125,00000,11215,01,0,3104006,중곡동,0062,0068,11215,10100,1,대영(62-68),12,26,11215-146,84.79,,62-68,11215,2,,
"39,700",,2002,2018,자양로53길,00040,00000,11215,01,0,4112467,중곡동,0109,0013,11215,10100,1,삼성로얄2,12,29,11215-93,83.01,,109-13,11215,4,,
"91,000",,1996,2018,광나루로56길,00032,00000,11215,01,0,4112040,구의동,0611,0000,11215,10300,1,구의현대2단지,12,3,11215-25,84.91,,611,11215,16,,
"65,000",,2000,2018,자양로26길,00071,00000,11215,01,0,4112430,구의동,0656,0000,11215,10300,1,새한,12,3,11215-30,84.91,,656,11215,7,,
"27,600",,2015,2018,자양로,00172,00000,11215,02,,3104010,구의동,0236,0025,11215,10300,1,솔렌시아2,12,4,11215-3793,36.91,,236-25,11215,9,,
"92,000",,2006,2018,구의강변로,00102,00000,11215,01,0,3104003,구의동,0199,0023,11215,10300,1,현대13차폴라트리움,12,7,11215-2464,127.91,,199-23,11215,6,,
"81,000",,1997,2018,구의강변로3가길,00039,00000,11215,01,0,4112050,구의동,0587,0054,11215,10300,1,구의현대7단지현대홈타운,12,16,11215-27,84.99,,587-54,11215,18,,
"64,800",,1997,2018,구의강변로3가길,00039,00000,11215,01,0,4112050,구의동,0587,0054,11215,10300,1,구의현대7단지현대홈타운,12,16,11215-27,59.97,,587-54,11215,20,,
"27,750",,2015,2018,자양로,00172,00000,11215,02,,3104010,구의동,0236,0025,11215,10300,1,솔렌시아2,12,19,11215-3793,32.87,,236-25,11215,9,,
"76,000",,1997,2018,광나루로56길,00029,00000,11215,01,0,4112040,구의동,0631,0001,11215,10300,1,현대프라임,12,20,11215-33,59.82,,631-1,11215,20,,
"31,000",,1976,2019,긴고랑로1길,00055,00000,11215,01,0,4112088,중곡동,0190,0026,11215,10100,1,중곡2단지,1,11,11215-100,55.87,,190-26,11215,1,,
"40,700",,2005,2019,동일로,00354,00000,11215,01,0,3000001,중곡동,0252,0008,11215,10100,1,진흥아르미,1,15,11215-2435,84.96,,252-8,11215,5,,
"37,800",,1998,2019,동일로,00459,00000,11215,01,0,3000001,중곡동,0681,0000,11215,10100,1,성원,1,26,11215-85,59.82,,681,11215,20,,
"40,000",,2002,2019,영화사로,00058,00000,11215,01,0,3104008,중곡동,0109,0002,11215,10100,1,삼성로얄3,1,29,11215-91,77.22,,109-2,11215,5,,
"68,000",,2007,2019,천호대로137길,00016,00010,11215,01,0,4112523,구의동,0058,0025,11215,10300,1,아차산인앤인W클래스102동,1,10,11215-2502,143.17,,58-25,11215,2,,
"25,000",,2002,2019,자양로46길,00009,00000,11215,01,0,4112456,구의동,0047,0023,11215,10300,1,해성,1,14,11215-34,77.7,,47-23,11215,3,,
"32,000",,2003,2019,천호대로129길,00056,00000,11215,02,0,4112516,구의동,0029,0001,11215,10300,1,성원쌍떼빌,1,21,11215-120,76.56,,29-1,11215,2,,
"71,500",,2007,2019,천호대로137길,00016,00008,11215,01,0,4112523,구의동,0058,0026,11215,10300,1,아차산인앤인W클래스101동,1,22,11215-2500,120.79,,58-26,11215,5,,
"69,400",,2001,2019,구의강변로,00106,00000,11215,01,0,3104003,구의동,0199,0018,11215,10300,1,삼성쉐르빌,1,25,11215-29,84.94,,199-18,11215,9,,
"88,000",,1994,2019,구의강변로,00094,00000,11215,00,,3104003,구의동,0610,0000,11215,10300,1,구의현대6단지,1,30,11215-26,84.92,,610,11215,9,,
"52,000",,2002,2019,용마산로1길,00084,00000,11215,01,0,4112381,중곡동,0133,0009,11215,10100,1,대영2동,2,7,11215-94,84.91,,133-9,11215,2,,
"24,800",,1976,2019,동일로72길,00017,00000,11215,01,0,4112230,중곡동,0191,0077,11215,10100,1,중곡1단지,2,8,11215-88,48.46,,191-77,11215,4,,
"54,300",,1999,2019,용마산로,00174,00000,11215,01,0,3005028,중곡동,0292,0000,11215,10100,1,에스케이,2,20,11215-87,84.6,,292,11215,4,,
"44,700",,2009,2019,영화사로16길,00043,00000,11215,01,0,4112364,구의동,0662,0000,11215,10300,1,아차산한라아파트,2,1,11215-2781,60.39,,662,11215,3,,
"140,000",,1997,2019,광나루로56길,00029,00000,11215,01,0,4112040,구의동,0631,0001,11215,10300,1,현대프라임,2,14,11215-33,126.66,,631-1,11215,18,,
"93,000",,2009,2019,강변역로4길,00056,00000,11215,01,0,4112003,구의동,0547,0007,11215,10300,1,광진해모로리버뷰,2,14,11215-2776,109.45,,547-7,11215,8,,
"89,900",,1996,2019,광나루로56길,00032,00000,11215,01,0,4112040,구의동,0611,0000,11215,10300,1,구의현대2단지,2,19,11215-25,84.91,,611,11215,16,,
"70,000",,1997,2019,광나루로56길,00029,00000,11215,01,0,4112040,구의동,0631,0001,11215,10300,1,현대프라임,2,19,11215-33,84.99,,631-1,11215,6,,
"67,300",,2007,2019,천호대로137길,00016,00008,11215,01,0,4112523,구의동,0058,0026,11215,10300,1,아차산인앤인W클래스101동,2,22,11215-2500,118.81,,58-26,11215,2,,
"84,900",,1996,2019,광나루로56길,00032,00000,11215,01,0,4112040,구의동,0611,0000,11215,10300,1,구의현대2단지,2,26,11215-25,84.91,,611,11215,20,,
"29,800",,1976,2019,동일로72길,00017,00000,11215,01,0,4112230,중곡동,0191,0077,11215,10100,1,중곡1단지,3,2,11215-88,57.88,,191-77,11215,2,,
"30,500",,1976,2019,동일로72길,00017,00000,11215,01,0,4112230,중곡동,0191,0077,11215,10100,1,중곡1단지,3,4,11215-88,57.88,,191-77,11215,1,,
"12,000",,2012,2019,용마산로1길,00007,00000,11215,01,0,4112381,중곡동,0699,0000,11215,10100,1,욱현하이브Ⅲ,3,5,11215-3170,15.69,,699,11215,6,,
"13,500",,2012,2019,용마산로1길,00007,00000,11215,01,0,4112381,중곡동,0699,0000,11215,10100,1,욱현하이브Ⅲ,3,9,11215-3170,17.71,,699,11215,5,,
"40,500",,2009,2019,용마산로1길,00048,00000,11215,01,0,4112381,중곡동,0130,0005,11215,10100,1,주성AURA,3,11,11215-2782,67.8,,130-5,11215,3,,
"36,000",,1995,2019,긴고랑로15길,00032,00000,11215,01,0,4112084,중곡동,0609,0000,11215,10100,1,삼민,3,14,11215-84,79.14,,609,11215,2,,
"53,500",,2003,2019,광나루로36길,00052,00000,11215,01,0,4112027,구의동,0237,0005,11215,10300,1,명성,3,3,11215-104,110.13,,237-5,11215,5,,
"44,800",,2003,2019,광나루로54길,00013,00000,11215,01,0,4112039,구의동,0198,0004,11215,10300,1,광남캐스빌(198-4),3,7,11215-38,67.15,,198-4,11215,4,,
"94,500",,2017,2019,아차산로,00431,00000,11215,00,0,3000002,구의동,0667,0000,11215,10300,1,강변에스케이뷰,3,8,11215-4277,84.81,,667,11215,19,,
"90,000",,1997,2019,광나루로56길,00029,00000,11215,01,0,4112040,구의동,0631,0001,11215,10300,1,현대프라임,3,9,11215-33,84.99,,631-1,11215,23,,
"29,000",,1976,2019,동일로72길,00017,00000,11215,01,0,4112230,중곡동,0191,0077,11215,10100,1,중곡1단지,4,12,11215-88,57.88,,191-77,11215,2,,
"12,000",,2012,2019,용마산로1길,00007,00000,11215,01,0,4112381,중곡동,0699,0000,11215,10100,1,욱현하이브Ⅲ,4,17,11215-3170,15.01,,699,11215,7,,
"47,000",,2002,2019,동일로76가길,00017,00000,11215,01,0,4112232,중곡동,0683,0000,11215,10100,1,중곡동광덕,4,24,11215-95,84.05,,683,11215,8,,
"25,300",,2002,2019,긴고랑로,00149,00000,11215,01,0,3104006,중곡동,0068,0006,11215,10100,1,대영(68-6),4,25,11215-89,57.94,,68-6,11215,3,,
"43,000",,2004,2019,천호대로110길,00078,00000,11215,01,0,4112499,능동,0283,0009,11215,10200,1,그린,4,19,11215-143,82.42,,283-9,11215,3,,
"90,000",,1996,2019,광나루로56길,00032,00000,11215,01,0,4112040,구의동,0611,0000,11215,10300,1,구의현대2단지,4,1,11215-25,84.91,,611,11215,13,,
"72,000",,1997,2019,광나루로56길,00029,00000,11215,01,0,4112040,구의동,0631,0001,11215,10300,1,현대프라임,4,1,11215-33,59.82,,631-1,11215,25,,
"89,500",,1996,2019,광나루로56길,00032,00000,11215,01,0,4112040,구의동,0611,0000,11215,10300,1,구의현대2단지,4,5,11215-25,84.91,,611,11215,17,,
"90,000",,1996,2019,광나루로56길,00032,00000,11215,01,0,4112040,구의동,0611,0000,11215,10300,1,구의현대2단지,4,6,11215-25,84.86,,611,11215,19,,
"70,500",,1997,2019,광나루로56길,00029,00000,11215,01,0,4112040,구의동,0631,0001,11215,10300,1,현대프라임,4,12,11215-33,59.82,,631-1,11215,11,,
"29,500",,1976,2019,긴고랑로1길,00055,00000,11215,01,0,4112088,중곡동,0190,0026,11215,10100,1,중곡2단지,5,1,11215-100,55.9,,190-26,11215,4,,
"40,000",,2004,2019,천호대로117길,00025,00000,11215,01,0,4112506,중곡동,0130,0001,11215,10100,1,그린트리,5,3,11215-122,84.51,,130-1,11215,2,,
"40,000",,2002,2019,영화사로,00058,00000,11215,01,0,3104008,중곡동,0109,0002,11215,10100,1,삼성로얄3,5,4,11215-91,77.22,,109-2,11215,4,,
"60,000",,1999,2019,용마산로,00174,00000,11215,01,0,3005028,중곡동,0292,0000,11215,10100,1,에스케이,5,28,11215-87,113.24,,292,11215,19,,
"83,500",,1996,2019,광나루로56길,00032,00000,11215,01,0,4112040,구의동,0611,0000,11215,10300,1,구의현대2단지,5,1,11215-25,84.88,,611,11215,26,,
"72,700",,1997,2019,광나루로56길,00029,00000,11215,01,0,4112040,구의동,0631,0001,11215,10300,1,현대프라임,5,1,11215-33,59.82,,631-1,11215,11,,
"89,000",,1996,2019,광나루로56길,00032,00000,11215,01,0,4112040,구의동,0611,0000,11215,10300,1,구의현대2단지,5,3,11215-25,84.86,,611,11215,8,,
"94,000",,2009,2019,강변역로4길,00056,00000,11215,01,0,4112003,구의동,0547,0007,11215,10300,1,광진해모로리버뷰,5,4,11215-2776,135.5,,547-7,11215,3,,
"96,000",,1996,2019,광나루로56길,00032,00000,11215,01,0,4112040,구의동,0611,0000,11215,10300,1,구의현대2단지,5,6,11215-25,84.91,,611,11215,14,,
"74,500",,2004,2019,강변역로4길,00034,00000,11215,01,0,4112003,구의동,0547,0000,11215,10300,1,강변현대하이엘,5,7,11215-141,130.89,,547,11215,2,,
"28,500",,1976,2019,긴고랑로1길,00055,00000,11215,01,0,4112088,중곡동,0190,0026,11215,10100,1,중곡2단지,6,4,11215-100,55.87,,190-26,11215,1,,
"32,500",,1976,2019,긴고랑로1길,00055,00000,11215,01,0,4112088,중곡동,0190,0026,11215,10100,1,중곡2단지,6,7,11215-100,55.87,,190-26,11215,5,,
"41,500",,2004,2019,자양로53길,00033,00000,11215,01,0,4112467,중곡동,0110,0033,11215,10100,1,예다움,6,11,11215-124,84.67,,110-33,11215,7,,
"38,300",,1998,2019,동일로,00459,00000,11215,01,0,3000001,중곡동,0681,0000,11215,10100,1,성원,6,29,11215-85,59.82,,681,11215,19,,
"67,000",,2001,2019,구의강변로,00106,00000,11215,01,0,3104003,구의동,0199,0018,11215,10300,1,삼성쉐르빌,6,1,11215-29,84.69,,199-18,11215,14,,
"72,800",,1997,2019,광나루로56길,00029,00000,11215,01,0,4112040,구의동,0631,0001,11215,10300,1,현대프라임,6,1,11215-33,59.82,,631-1,11215,21,,
"100,000",,1997,2019,광나루로56길,00029,00000,11215,01,0,4112040,구의동,0631,0001,11215,10300,1,현대프라임,6,1,11215-33,84.99,,631-1,11215,21,,
"71,000",,1997,2019,광나루로56길,00029,00000,11215,01,0,4112040,구의동,0631,0001,11215,10300,1,현대프라임,6,1,11215-33,59.82,,631-1,11215,27,,
"67,500",,2000,2019,자양로26길,00071,00000,11215,01,0,4112430,구의동,0656,0000,11215,10300,1,새한,6,3,11215-30,84.91,,656,11215,8,,
"115,000",,2018,2019,광나루로,00545,00000,11215,00,,3005024,구의동,0668,0000,11215,10300,1,래미안파크스위트,6,3,,84.98,,668,11215,12,,
"39,000",,2018,2019,동일로,00429,00000,11215,00,0,3000001,중곡동,0186,0009,11215,10100,1,삼성베스트빌(31차),7,2,,47.24,,186-9,11215,3,,
"12,000",,2012,2019,용마산로1길,00007,00000,11215,01,0,4112381,중곡동,0699,0000,11215,10100,1,욱현하이브Ⅲ,7,5,11215-3170,15.01,,699,11215,7,,
"27,500",,1976,2019,동일로72길,00017,00000,11215,01,0,4112230,중곡동,0191,0077,11215,10100,1,중곡1단지,7,16,11215-88,57.88,,191-77,11215,5,,
"48,500",,1998,2019,동일로,00459,00000,11215,01,0,3000001,중곡동,0681,0000,11215,10100,1,성원,7,18,11215-85,84.98,,681,11215,7,,
"41,500",,2004,2019,천호대로119길,00016,00000,11215,01,0,4112508,중곡동,0120,0018,11215,10100,1,대광그린,7,25,11215-125,78.21,,120-18,11215,5,,
"29,500",,2002,2019,자양로53길,00036,00000,11215,01,0,4112467,중곡동,0109,0009,11215,10100,1,삼성로얄,7,31,11215-123,65.31,,109-9,11215,7,,
"100,000",,1997,2019,광나루로56길,00029,00000,11215,01,0,4112040,구의동,0631,0001,11215,10300,1,현대프라임,7,2,11215-33,84.99,,631-1,11215,19,,
"101,500",,1997,2019,광나루로56길,00029,00000,11215,01,0,4112040,구의동,0631,0001,11215,10300,1,현대프라임,7,2,11215-33,84.99,,631-1,11215,8,,
"134,000",,1997,2019,광나루로56길,00029,00000,11215,01,0,4112040,구의동,0631,0001,11215,10300,1,현대프라임,7,2,11215-33,126.66,,631-1,11215,13,,
"75,500",,1997,2019,광나루로56길,00029,00000,11215,01,0,4112040,구의동,0631,0001,11215,10300,1,현대프라임,7,3,11215-33,59.82,,631-1,11215,21,,
"47,000",,1999,2019,용마산로,00174,00000,11215,01,0,3005028,중곡동,0292,0000,11215,10100,1,에스케이,8,5,11215-87,58.43,,292,11215,9,,
"47,000",,1999,2019,용마산로,00174,00000,11215,01,0,3005028,중곡동,0292,0000,11215,10100,1,에스케이,8,7,11215-87,58.43,,292,11215,7,,
"50,000",,1999,2019,용마산로,00174,00000,11215,01,0,3005028,중곡동,0292,0000,11215,10100,1,에스케이,8,13,11215-87,58.43,,292,11215,2,,
"30,800",,1976,2019,긴고랑로1길,00055,00000,11215,01,0,4112088,중곡동,0190,0026,11215,10100,1,중곡2단지,8,13,11215-100,55.9,,190-26,11215,2,,
"39,000",,2002,2019,자양로53길,00036,00000,11215,01,0,4112467,중곡동,0109,0009,11215,10100,1,삼성로얄,8,21,11215-123,84.84,,109-9,11215,1,,
"66,000",,1997,2019,구의강변로3가길,00039,00000,11215,01,0,4112050,구의동,0587,0054,11215,10300,1,구의현대7단지현대홈타운,8,1,11215-27,59.97,,587-54,11215,2,,
"100,000",,1996,2019,광나루로56길,00032,00000,11215,01,0,4112040,구의동,0611,0000,11215,10300,1,구의현대2단지,8,2,11215-25,84.91,,611,11215,2,,
"75,000",,1997,2019,광나루로56길,00029,00000,11215,01,0,4112040,구의동,0631,0001,11215,10300,1,현대프라임,8,2,11215-33,59.82,,631-1,11215,2,,
"118,500",,2018,2019,광나루로,00545,00000,11215,00,,3005024,구의동,0668,0000,11215,10300,1,래미안파크스위트,8,4,,84.98,,668,11215,16,,
"85,800",,1997,2019,구의강변로3가길,00039,00000,11215,01,0,4112050,구의동,0587,0054,11215,10300,1,구의현대7단지현대홈타운,8,5,11215-27,84.99,,587-54,11215,20,,
"24,000",,1976,2019,동일로72길,00017,00000,11215,01,0,4112230,중곡동,0191,0077,11215,10100,1,중곡1단지,9,17,11215-88,48.46,,191-77,11215,5,,
"25,500",,2002,2019,긴고랑로,00149,00000,11215,01,0,3104006,중곡동,0068,0006,11215,10100,1,대영(68-6),9,17,11215-89,57.94,,68-6,11215,6,,
"25,500",,2002,2019,긴고랑로,00149,00000,11215,01,0,3104006,중곡동,0068,0006,11215,10100,1,대영(68-6),9,17,11215-89,56.28,,68-6,11215,4,,
"37,500",,1998,2019,동일로,00459,00000,11215,01,0,3000001,중곡동,0681,0000,11215,10100,1,성원,9,21,11215-85,59.82,,681,11215,21,,
"37,500",,1998,2019,동일로,00459,00000,11215,01,0,3000001,중곡동,0681,0000,11215,10100,1,성원,9,26,11215-85,59.82,,681,11215,13,,
"41,000",,2004,2019,용마산로5길,00066,00000,11215,01,0,4112404,중곡동,0135,0013,11215,10100,1,두리,9,30,11215-126,71.43,,135-13,11215,6,,
"68,500",,1997,2019,구의강변로3가길,00039,00000,11215,01,0,4112050,구의동,0587,0054,11215,10300,1,구의현대7단지현대홈타운,9,1,11215-27,59.97,,587-54,11215,6,,
"86,500",,1997,2019,구의강변로3가길,00039,00000,11215,01,0,4112050,구의동,0587,0054,11215,10300,1,구의현대7단지현대홈타운,9,4,11215-27,84.99,,587-54,11215,22,,
"81,000",,1997,2019,광나루로56길,00029,00000,11215,01,0,4112040,구의동,0631,0001,11215,10300,1,현대프라임,9,9,11215-33,59.82,,631-1,11215,18,,
"116,000",,2017,2019,아차산로,00431,00000,11215,00,0,3000002,구의동,0667,0000,11215,10300,1,강변에스케이뷰,9,10,11215-4277,84.69,,667,11215,27,,
"37,900",,1998,2019,동일로,00459,00000,11215,01,0,3000001,중곡동,0681,0000,11215,10100,1,성원,10,3,11215-85,59.82,,681,11215,16,,
"32,000",,1976,2019,긴고랑로1길,00055,00000,11215,01,0,4112088,중곡동,0190,0026,11215,10100,1,중곡2단지,10,7,11215-100,55.87,,190-26,11215,5,,
"48,700",,1998,2019,동일로,00459,00000,11215,01,0,3000001,중곡동,0681,0000,11215,10100,1,성원,10,10,11215-85,84.98,,681,11215,15,,
"41,000",,2002,2019,영화사로,00058,00000,11215,01,0,3104008,중곡동,0109,0002,11215,10100,1,삼성로얄3,10,10,11215-91,77.22,,109-2,11215,3,,
"30,700",,1976,2019,동일로72길,00017,00000,11215,01,0,4112230,중곡동,0191,0077,11215,10100,1,중곡1단지,10,11,11215-88,58.74,,191-77,11215,3,,
"25,500",,2002,2019,긴고랑로,00149,00000,11215,01,0,3104006,중곡동,0068,0006,11215,10100,1,대영(68-6),10,11,11215-89,56.28,,68-6,11215,5,,
"30,770",,1976,2019,동일로72길,00017,00000,11215,01,0,4112230,중곡동,0191,0077,11215,10100,1,중곡1단지,10,15,11215-88,57.88,,191-77,11215,2,,
"38,400",,1998,2019,동일로,00459,00000,11215,01,0,3000001,중곡동,0681,0000,11215,10100,1,성원,10,26,11215-85,59.82,,681,11215,17,,
"33,000",,2001,2019,천호대로118길,00010,00000,11215,01,0,4112507,능동,0246,0011,11215,10200,1,(246-11),10,10,11215-185,75.96,,246-11,11215,4,,
"116,000",,1997,2019,광나루로56길,00029,00000,11215,01,0,4112040,구의동,0631,0001,11215,10300,1,현대프라임,10,1,11215-33,84.99,,631-1,11215,24,,
"60,000",,1996,2019,면목로,00127,00000,11215,01,0,3005027,중곡동,0231,0001,11215,10100,1,신성그랜드타워,11,2,11215-86,156.03,,231-1,11215,6,,
"48,700",,2003,2019,영화사로7길,00004,00000,11215,01,0,4112372,중곡동,0107,0004,11215,10100,1,삼보드림,11,2,11215-116,84.78,,107-4,11215,1,,
"45,700",,1999,2019,용마산로,00174,00000,11215,01,0,3005028,중곡동,0292,0000,11215,10100,1,에스케이,11,6,11215-87,58.43,,292,11215,4,,
"14,000",,2012,2019,용마산로1길,00007,00000,11215,01,0,4112381,중곡동,0699,0000,11215,10100,1,욱현하이브Ⅲ,11,28,11215-3170,17.71,,699,11215,7,,
"110,000",,1992,2019,구의강변로,00042,00000,11215,01,0,3104003,구의동,0546,0007,11215,10300,1,구의강변우성아파트,11,1,11215-24,84.76,,546-7,11215,13,,
"95,000",,1997,2019,구의강변로3가길,00039,00000,11215,01,0,4112050,구의동,0587,0054,11215,10300,1,구의현대7단지현대홈타운,11,2,11215-27,84.99,,587-54,11215,10,,
"127,000",,1996,2019,광나루로56길,00032,00000,11215,01,0,4112040,구의동,0611,0000,11215,10300,1,구의현대2단지,11,6,11215-25,84.86,,611,11215,18,,
"33,500",,2002,2019,천호대로137길,00019,00000,11215,01,0,4112523,구의동,0057,0003,11215,10300,1,은진아파트5차,11,7,11215-36,73.17,,57-3,11215,3,,
"130,000",,1996,2019,광나루로56길,00032,00000,11215,01,0,4112040,구의동,0611,0000,11215,10300,1,구의현대2단지,11,8,11215-25,84.86,,611,11215,21,,
"108,500",,2001,2019,구의강변로,00106,00000,11215,01,0,3104003,구의동,0199,0018,11215,10300,1,삼성쉐르빌,11,8,11215-29,132.08,,199-18,11215,3,,
"49,000",,1999,2019,용마산로,00174,00000,11215,01,0,3005028,중곡동,0292,0000,11215,10100,1,에스케이,12,10,11215-87,58.43,,292,11215,19,,
"52,000",,1998,2019,동일로,00459,00000,11215,01,0,3000001,중곡동,0681,0000,11215,10100,1,성원,12,14,11215-85,84.98,,681,11215,24,,
"49,000",,1999,2019,용마산로,00174,00000,11215,01,0,3005028,중곡동,0292,0000,11215,10100,1,에스케이,12,14,11215-87,58.43,,292,11215,17,,
"28,000",,1976,2019,동일로72길,00017,00000,11215,01,0,4112230,중곡동,0191,0077,11215,10100,1,중곡1단지,12,18,11215-88,48.46,,191-77,11215,5,,
"75,000",,1997,2019,구의강변로3가길,00039,00000,11215,01,0,4112050,구의동,0587,0054,11215,10300,1,구의현대7단지현대홈타운,12,2,11215-27,59.97,,587-54,11215,8,,
"140,000",,1997,2019,광나루로56길,00029,00000,11215,01,0,4112040,구의동,0631,0001,11215,10300,1,현대프라임,12,2,11215-33,84.99,,631-1,11215,24,,
"84,000",,2001,2019,구의강변로,00106,00000,11215,01,0,3104003,구의동,0199,0018,11215,10300,1,삼성쉐르빌,12,3,11215-29,84.94,,199-18,11215,18,,
"150,000",,2004,2019,구의강변로,00064,00000,11215,01,0,3104003,구의동,0589,0010,11215,10300,1,아크로리버,12,5,11215-106,150.6416,,589-10,11215,34,,
"170,000",,1997,2019,광나루로56길,00029,00000,11215,01,0,4112040,구의동,0631,0001,11215,10300,1,현대프라임,12,7,11215-33,183.87,,631-1,11215,19,,
"89,900",,1997,2019,광나루로56길,00029,00000,11215,01,0,4112040,구의동,0631,0001,11215,10300,1,현대프라임,12,7,11215-33,59.82,,631-1,11215,15,,
